stcc2,date,actual,pred_xgb,baseline_seasonal,baseline_persistence,n_train
01,2019-01-01,12.406089,11.965276718139648,12.756534,12.36375,204
01,2019-02-01,12.094069,11.880888938903809,11.911057,12.406089,205
01,2019-03-01,12.363436,13.30302619934082,13.974775,12.094069,206
01,2019-04-01,13.393206,11.981620788574219,13.488622,12.363436,207
01,2019-05-01,13.593393,13.61413860321045,14.035358,13.393206,208
01,2019-06-01,12.249996,13.407031059265137,13.801469,13.593393,209
01,2019-07-01,13.442989,12.139911651611328,13.763331,12.249996,210
01,2019-08-01,12.584753,13.734872817993164,13.594432,13.442989,211
01,2019-09-01,11.486011,12.463957786560059,11.795508,12.584753,212
01,2019-10-01,11.749689,12.530410766601562,12.476613,11.486011,213
01,2019-11-01,11.425724,12.358591079711914,12.053366,11.749689,214
01,2019-12-01,12.150167,12.18177604675293,12.36375,11.425724,215
01,2020-01-01,12.431358,12.046103477478027,12.406089,12.150167,216
01,2020-02-01,11.076253,12.403116226196289,12.094069,12.431358,217
01,2020-03-01,12.254348,12.120481491088867,12.363436,11.076253,218
01,2020-04-01,12.355483,12.855548858642578,13.393206,12.254348,219
01,2020-05-01,11.7003,12.803048133850098,13.593393,12.355483,220
01,2020-06-01,12.320421,12.23270320892334,12.249996,11.7003,221
01,2020-07-01,11.991874,12.683945655822754,13.442989,12.320421,222
01,2020-08-01,13.077336,12.464560508728027,12.584753,11.991874,223
01,2020-09-01,14.006333,12.747027397155762,11.486011,13.077336,224
01,2020-10-01,15.417711,13.356583595275879,11.749689,14.006333,225
01,2020-11-01,15.533555,14.795165061950684,11.425724,15.417711,226
01,2020-12-01,16.448156,14.694540977478027,12.150167,15.533555,227
01,2021-01-01,15.666411,14.731704711914062,12.431358,16.448156,228
01,2021-02-01,13.805644,14.508950233459473,11.076253,15.666411,229
01,2021-03-01,15.18013,13.711499214172363,12.254348,13.805644,230
01,2021-04-01,15.051755,14.954103469848633,12.355483,15.18013,231
01,2021-05-01,13.970791,14.007840156555176,11.7003,15.051755,232
01,2021-06-01,12.958248,13.40229606628418,12.320421,13.970791,233
01,2021-07-01,11.224877,13.92651081085205,11.991874,12.958248,234
01,2021-08-01,10.284999,12.659810066223145,13.077336,11.224877,235
01,2021-09-01,11.402234,9.170184135437012,14.006333,10.284999,236
01,2021-10-01,13.870368,12.931541442871094,15.417711,11.402234,237
01,2021-11-01,14.798094,14.219350814819336,15.533555,13.870368,238
01,2021-12-01,14.661486,14.926654815673828,16.448156,14.798094,239
01,2022-01-01,14.252086,14.627697944641113,15.666411,14.661486,240
01,2022-02-01,14.829195,14.27940559387207,13.805644,14.252086,241
01,2022-03-01,16.051091,14.98019027709961,15.18013,14.829195,242
01,2022-04-01,15.184929,15.21594524383545,15.051755,16.051091,243
01,2022-05-01,13.704484,14.667765617370605,13.970791,15.184929,244
01,2022-06-01,15.345494,13.599198341369629,12.958248,13.704484,245
01,2022-07-01,12.331282,14.371163368225098,11.224877,15.345494,246
01,2022-08-01,14.029895,12.069748878479004,10.284999,12.331282,247
01,2022-09-01,12.455922,13.40213680267334,11.402234,14.029895,248
01,2022-10-01,15.798393,12.935358047485352,13.870368,12.455922,249
01,2022-11-01,16.241131,15.227503776550293,14.798094,15.798393,250
01,2022-12-01,14.549405,15.148038864135742,14.661486,16.241131,251
01,2023-01-01,14.562047,14.700352668762207,14.252086,14.549405,252
01,2023-02-01,14.043685,15.046732902526855,14.829195,14.562047,253
01,2023-03-01,13.637861,14.40406322479248,16.051091,14.043685,254
01,2023-04-01,13.322688,14.139849662780762,15.184929,13.637861,255
01,2023-05-01,13.889077,13.112628936767578,13.704484,13.322688,256
01,2023-06-01,11.731189,13.40289306640625,15.345494,13.889077,257
01,2023-07-01,11.511642,12.074179649353027,12.331282,11.731189,258
01,2023-08-01,10.819565,12.896764755249023,14.029895,11.511642,259
01,2023-09-01,10.96151,11.41805362701416,12.455922,10.819565,260
01,2023-10-01,14.874925,12.815567016601562,15.798393,10.96151,261
01,2023-11-01,15.389682,14.876344680786133,16.241131,14.874925,262
01,2023-12-01,13.460298,15.251235961914062,14.549405,15.389682,263
01,2024-01-01,9.413813,14.480096817016602,14.562047,13.460298,264
01,2024-02-01,13.98595,7.247982978820801,14.043685,9.413813,265
01,2024-03-01,13.224345,13.135756492614746,13.637861,13.98595,266
01,2024-04-01,14.194287,12.42452621459961,13.322688,13.224345,267
01,2024-05-01,13.83071,12.989523887634277,13.889077,14.194287,268
01,2024-06-01,12.481434,12.951726913452148,11.731189,13.83071,269
01,2024-07-01,13.430089,12.983720779418945,11.511642,12.481434,270
01,2024-08-01,13.848711,12.358442306518555,10.819565,13.430089,271
01,2024-09-01,13.722914,12.658327102661133,10.96151,13.848711,272
01,2024-10-01,16.134249,14.4171781539917,14.874925,13.722914,273
01,2024-11-01,15.095786,15.736235618591309,15.389682,16.134249,274
01,2024-12-01,14.545434,14.4924898147583,13.460298,15.095786,275
10,2019-01-01,5.074264,5.053330898284912,4.655206,5.402965,204
10,2019-02-01,4.378534,5.091191291809082,4.812532,5.074264,205
10,2019-03-01,4.782007,5.574706554412842,5.563976,4.378534,206
10,2019-04-01,5.214735,5.350774765014648,5.613309,4.782007,207
10,2019-05-01,5.356911,5.316013336181641,5.078419,5.214735,208
10,2019-06-01,5.741935,5.477043628692627,5.023391,5.356911,209
10,2019-07-01,5.956788,5.794040203094482,6.066387,5.741935,210
10,2019-08-01,5.524396,5.324492931365967,5.561062,5.956788,211
10,2019-09-01,5.906678,5.5332512855529785,5.143198,5.524396,212
10,2019-10-01,5.234235,5.331691741943359,5.832555,5.906678,213
10,2019-11-01,5.71285,5.460921764373779,5.413375,5.234235,214
10,2019-12-01,5.685513,5.309072971343994,5.402965,5.71285,215
10,2020-01-01,5.574858,5.050735950469971,5.074264,5.685513,216
10,2020-02-01,5.137794,5.035491943359375,4.378534,5.574858,217
10,2020-03-01,5.680114,5.25750732421875,4.782007,5.137794,218
10,2020-04-01,4.517872,5.442278861999512,5.214735,5.680114,219
10,2020-05-01,3.760039,5.404372692108154,5.356911,4.517872,220
10,2020-06-01,3.929958,3.7267258167266846,5.741935,3.760039,221
10,2020-07-01,4.449249,3.8933186531066895,5.956788,3.929958,222
10,2020-08-01,4.979972,4.6207990646362305,5.524396,4.449249,223
10,2020-09-01,5.747633,5.361599922180176,5.906678,4.979972,224
10,2020-10-01,5.315257,5.475766658782959,5.234235,5.747633,225
10,2020-11-01,5.27604,5.356554985046387,5.71285,5.315257,226
10,2020-12-01,5.429559,5.360165119171143,5.685513,5.27604,227
10,2021-01-01,5.17502,5.122437477111816,5.574858,5.429559,228
10,2021-02-01,4.158421,5.042374134063721,5.137794,5.17502,229
10,2021-03-01,5.578914,3.8998801708221436,5.680114,4.158421,230
10,2021-04-01,5.701863,5.267680644989014,4.517872,5.578914,231
10,2021-05-01,5.498611,5.465888023376465,3.760039,5.701863,232
10,2021-06-01,5.968057,5.5287909507751465,3.929958,5.498611,233
10,2021-07-01,6.400713,5.558161735534668,4.449249,5.968057,234
10,2021-08-01,6.042265,5.8448028564453125,4.979972,6.400713,235
10,2021-09-01,6.294254,5.680159568786621,5.747633,6.042265,236
10,2021-10-01,6.0084,6.34207820892334,5.315257,6.294254,237
10,2021-11-01,6.106008,5.725935935974121,5.27604,6.0084,238
10,2021-12-01,4.952152,5.798480987548828,5.429559,6.106008,239
10,2022-01-01,5.020467,5.003304481506348,5.17502,4.952152,240
10,2022-02-01,4.522753,4.7882771492004395,4.158421,5.020467,241
10,2022-03-01,5.114099,4.956022262573242,5.578914,4.522753,242
10,2022-04-01,5.052485,5.624270439147949,5.701863,5.114099,243
10,2022-05-01,5.092869,5.357906341552734,5.498611,5.052485,244
10,2022-06-01,5.304476,5.4797682762146,5.968057,5.092869,245
10,2022-07-01,5.322864,6.111624717712402,6.400713,5.304476,246
10,2022-08-01,5.826961,5.5893235206604,6.042265,5.322864,247
10,2022-09-01,6.219277,5.686490058898926,6.294254,5.826961,248
10,2022-10-01,5.619915,6.020711898803711,6.0084,6.219277,249
10,2022-11-01,5.615066,5.5530195236206055,6.106008,5.619915,250
10,2022-12-01,5.295694,5.324648857116699,4.952152,5.615066,251
10,2023-01-01,5.637209,5.254772663116455,5.020467,5.295694,252
10,2023-02-01,5.072417,5.144715785980225,4.522753,5.637209,253
10,2023-03-01,5.236307,5.412811279296875,5.114099,5.072417,254
10,2023-04-01,5.626168,5.565093040466309,5.052485,5.236307,255
10,2023-05-01,5.138901,5.568560600280762,5.092869,5.626168,256
10,2023-06-01,5.431207,5.523941993713379,5.304476,5.138901,257
10,2023-07-01,5.466642,5.814469814300537,5.322864,5.431207,258
10,2023-08-01,6.148544,5.618233680725098,5.826961,5.466642,259
10,2023-09-01,5.683659,6.027929782867432,6.219277,6.148544,260
10,2023-10-01,5.528407,5.581494331359863,5.619915,5.683659,261
10,2023-11-01,6.196817,5.304648399353027,5.615066,5.528407,262
10,2023-12-01,5.634528,5.777587890625,5.295694,6.196817,263
10,2024-01-01,5.224245,5.253341197967529,5.637209,5.634528,264
10,2024-02-01,5.383916,5.027719020843506,5.072417,5.224245,265
10,2024-03-01,5.394751,5.528026103973389,5.236307,5.383916,266
10,2024-04-01,5.189475,5.63489294052124,5.626168,5.394751,267
10,2024-05-01,5.496691,5.1864447593688965,5.138901,5.189475,268
10,2024-06-01,5.795733,5.616904258728027,5.431207,5.496691,269
10,2024-07-01,6.159753,5.605128765106201,5.466642,5.795733,270
10,2024-08-01,4.950174,5.826719760894775,6.148544,6.159753,271
10,2024-09-01,5.307273,5.471630573272705,5.683659,4.950174,272
10,2024-10-01,5.840469,5.351648330688477,5.528407,5.307273,273
10,2024-11-01,5.459349,5.730787754058838,6.196817,5.840469,274
10,2024-12-01,5.658404,5.5699076652526855,5.634528,5.459349,275
11,2019-01-01,51.086618,51.12649154663086,48.590442,51.276838,204
11,2019-02-01,45.656139,49.235355377197266,49.806819,51.086618,205
11,2019-03-01,42.479871,50.70818328857422,51.092133,45.656139,206
11,2019-04-01,49.352422,41.06373977661133,49.372308,42.479871,207
11,2019-05-01,49.715367,48.68791198730469,48.627305,49.352422,208
11,2019-06-01,45.642559,50.671348571777344,50.460709,49.715367,209
11,2019-07-01,48.272867,50.21148681640625,52.780942,45.642559,210
11,2019-08-01,49.96745,53.083412170410156,58.719706,48.272867,211
11,2019-09-01,47.448855,51.411590576171875,49.735097,49.96745,212
11,2019-10-01,46.460038,50.49437713623047,55.015395,47.448855,213
11,2019-11-01,41.72948,47.84798049926758,52.096727,46.460038,214
11,2019-12-01,43.634994,43.95623779296875,51.276838,41.72948,215
11,2020-01-01,42.296641,47.846435546875,51.086618,43.634994,216
11,2020-02-01,37.998848,43.59036636352539,45.656139,42.296641,217
11,2020-03-01,35.675153,39.03274917602539,42.479871,37.998848,218
11,2020-04-01,31.158566,34.03570556640625,49.352422,35.675153,219
11,2020-05-01,28.045026,32.51362609863281,49.715367,31.158566,220
11,2020-06-01,31.033447,30.05414581298828,45.642559,28.045026,221
11,2020-07-01,31.774076,31.215999603271484,48.272867,31.033447,222
11,2020-08-01,34.787593,31.05330467224121,49.96745,31.774076,223
11,2020-09-01,37.438032,33.57250213623047,47.448855,34.787593,224
11,2020-10-01,35.830632,46.020042419433594,46.460038,37.438032,225
11,2020-11-01,36.695549,39.01967239379883,41.72948,35.830632,226
11,2020-12-01,36.152216,37.06468963623047,43.634994,36.695549,227
11,2021-01-01,36.944826,34.32543182373047,42.296641,36.152216,228
11,2021-02-01,31.822058,34.13919448852539,37.998848,36.944826,229
11,2021-03-01,40.351768,32.447811126708984,35.675153,31.822058,230
11,2021-04-01,38.070336,35.72879409790039,31.158566,40.351768,231
11,2021-05-01,36.777012,34.081031799316406,28.045026,38.070336,232
11,2021-06-01,43.183814,35.784263610839844,31.033447,36.777012,233
11,2021-07-01,40.217547,44.4573974609375,31.774076,43.183814,234
11,2021-08-01,42.758404,38.77377700805664,34.787593,40.217547,235
11,2021-09-01,41.263222,44.573402404785156,37.438032,42.758404,236
11,2021-10-01,38.569903,41.01882553100586,35.830632,41.263222,237
11,2021-11-01,40.726585,38.686431884765625,36.695549,38.569903,238
11,2021-12-01,38.251873,39.845787048339844,36.152216,40.726585,239
11,2022-01-01,35.879632,36.974605560302734,36.944826,38.251873,240
11,2022-02-01,40.021294,36.706886291503906,31.822058,35.879632,241
11,2022-03-01,42.088178,37.8003044128418,40.351768,40.021294,242
11,2022-04-01,36.908886,39.89018249511719,38.070336,42.088178,243
11,2022-05-01,35.513651,36.83414077758789,36.777012,36.908886,244
11,2022-06-01,41.141759,36.65511703491211,43.183814,35.513651,245
11,2022-07-01,34.908792,40.371700286865234,40.217547,41.141759,246
11,2022-08-01,45.175929,37.76249694824219,42.758404,34.908792,247
11,2022-09-01,43.636444,45.10748291015625,41.263222,45.175929,248
11,2022-10-01,41.303584,42.58176040649414,38.569903,43.636444,249
11,2022-11-01,39.895251,40.03574752807617,40.726585,41.303584,250
11,2022-12-01,34.747342,39.68736267089844,38.251873,39.895251,251
11,2023-01-01,40.212646,38.21702575683594,35.879632,34.747342,252
11,2023-02-01,37.5792,36.70619583129883,40.021294,40.212646,253
11,2023-03-01,42.025809,38.320430755615234,42.088178,37.5792,254
11,2023-04-01,36.4044,37.71107864379883,36.908886,42.025809,255
11,2023-05-01,37.994926,38.750999450683594,35.513651,36.4044,256
11,2023-06-01,40.253903,38.237003326416016,41.141759,37.994926,257
11,2023-07-01,38.57222,39.72196960449219,34.908792,40.253903,258
11,2023-08-01,41.674549,40.71283721923828,45.175929,38.57222,259
11,2023-09-01,37.064584,40.24220657348633,43.636444,41.674549,260
11,2023-10-01,40.086979,39.91427230834961,41.303584,37.064584,261
11,2023-11-01,40.419784,38.40550231933594,39.895251,40.086979,262
11,2023-12-01,36.379881,38.840667724609375,34.747342,40.419784,263
11,2024-01-01,26.175662,38.129947662353516,40.212646,36.379881,264
11,2024-02-01,35.66306,31.182973861694336,37.5792,26.175662,265
11,2024-03-01,30.115748,37.54437255859375,42.025809,35.66306,266
11,2024-04-01,29.728639,30.475610733032227,36.4044,30.115748,267
11,2024-05-01,29.761047,29.326570510864258,37.994926,29.728639,268
11,2024-06-01,33.923352,30.231510162353516,40.253903,29.761047,269
11,2024-07-01,35.471799,34.13744354248047,38.57222,33.923352,270
11,2024-08-01,38.489995,35.810062408447266,41.674549,35.471799,271
11,2024-09-01,38.400234,35.253700256347656,37.064584,38.489995,272
11,2024-10-01,38.069944,37.02772521972656,40.086979,38.400234,273
11,2024-11-01,31.384018,38.22333908081055,40.419784,38.069944,274
11,2024-12-01,33.301605,36.97869110107422,36.379881,31.384018,275
13,2019-01-01,4.152067,3.8907597064971924,3.183399,4.680476,204
13,2019-02-01,2.786576,3.92421555519104,2.491771,4.152067,205
13,2019-03-01,3.506142,3.4895334243774414,2.827625,2.786576,206
13,2019-04-01,4.158218,3.3511319160461426,2.493908,3.506142,207
13,2019-05-01,4.427824,4.0165276527404785,2.749556,4.158218,208
13,2019-06-01,4.534315,4.367648601531982,2.792464,4.427824,209
13,2019-07-01,4.348023,4.0806498527526855,2.615347,4.534315,210
13,2019-08-01,3.79586,4.45352029800415,2.898144,4.348023,211
13,2019-09-01,3.699464,4.315891742706299,3.416489,3.79586,212
13,2019-10-01,4.379513,3.611201763153076,4.198803,3.699464,213
13,2019-11-01,4.247443,4.477593898773193,3.986953,4.379513,214
13,2019-12-01,4.705527,3.7879819869995117,4.680476,4.247443,215
13,2020-01-01,4.444004,4.072089672088623,4.152067,4.705527,216
13,2020-02-01,4.400212,3.5113372802734375,2.786576,4.444004,217
13,2020-03-01,4.352925,4.390896797180176,3.506142,4.400212,218
13,2020-04-01,3.495736,4.389774322509766,4.158218,4.352925,219
13,2020-05-01,1.921673,4.000308990478516,4.427824,3.495736,220
13,2020-06-01,1.391438,2.4085049629211426,4.534315,1.921673,221
13,2020-07-01,1.566801,1.7559503316879272,4.348023,1.391438,222
13,2020-08-01,1.806167,1.7463496923446655,3.79586,1.566801,223
13,2020-09-01,1.801435,1.7354329824447632,3.699464,1.806167,224
13,2020-10-01,1.607801,1.8356106281280518,4.379513,1.801435,225
13,2020-11-01,1.572794,2.0583653450012207,4.247443,1.607801,226
13,2020-12-01,2.128513,1.8689854145050049,4.705527,1.572794,227
13,2021-01-01,2.319628,2.432629108428955,4.444004,2.128513,228
13,2021-02-01,1.900084,2.2778046131134033,4.400212,2.319628,229
13,2021-03-01,2.459588,1.6742558479309082,4.352925,1.900084,230
13,2021-04-01,2.071952,2.4673714637756348,3.495736,2.459588,231
13,2021-05-01,2.320236,2.1393678188323975,1.921673,2.071952,232
13,2021-06-01,2.171864,2.2614238262176514,1.391438,2.320236,233
13,2021-07-01,2.008838,2.4425737857818604,1.566801,2.171864,234
13,2021-08-01,1.918864,1.856440544128418,1.806167,2.008838,235
13,2021-09-01,1.91401,1.7381935119628906,1.801435,1.918864,236
13,2021-10-01,1.35105,2.00142502784729,1.607801,1.91401,237
13,2021-11-01,1.848865,1.6560351848602295,1.572794,1.35105,238
13,2021-12-01,1.773422,1.7616713047027588,2.128513,1.848865,239
13,2022-01-01,1.409717,1.8870484828948975,2.319628,1.773422,240
13,2022-02-01,1.122564,1.797702431678772,1.900084,1.409717,241
13,2022-03-01,1.287113,1.5903342962265015,2.459588,1.122564,242
13,2022-04-01,1.448706,1.5788846015930176,2.071952,1.287113,243
13,2022-05-01,1.423505,1.3087259531021118,2.320236,1.448706,244
13,2022-06-01,1.600654,1.4310089349746704,2.171864,1.423505,245
13,2022-07-01,1.243844,1.684697151184082,2.008838,1.600654,246
13,2022-08-01,1.447978,1.5267409086227417,1.918864,1.243844,247
13,2022-09-01,1.786985,1.4508137702941895,1.91401,1.447978,248
13,2022-10-01,1.47901,1.5535287857055664,1.35105,1.786985,249
13,2022-11-01,1.693678,1.6348787546157837,1.848865,1.47901,250
13,2022-12-01,1.576864,1.5824285745620728,1.773422,1.693678,251
13,2023-01-01,1.524068,1.6766808032989502,1.409717,1.576864,252
13,2023-02-01,1.199982,1.6317673921585083,1.122564,1.524068,253
13,2023-03-01,1.376381,1.3722000122070312,1.287113,1.199982,254
13,2023-04-01,1.465001,1.4482225179672241,1.448706,1.376381,255
13,2023-05-01,1.388762,1.462419033050537,1.423505,1.465001,256
13,2023-06-01,1.217269,1.4176863431930542,1.600654,1.388762,257
13,2023-07-01,1.412057,1.3718968629837036,1.243844,1.217269,258
13,2023-08-01,1.34769,1.4748910665512085,1.447978,1.412057,259
13,2023-09-01,1.069576,1.4665502309799194,1.786985,1.34769,260
13,2023-10-01,1.434048,1.2871615886688232,1.47901,1.069576,261
13,2023-11-01,1.407173,1.5003666877746582,1.693678,1.434048,262
13,2023-12-01,1.807799,1.3471368551254272,1.576864,1.407173,263
13,2024-01-01,0.910555,1.5202937126159668,1.524068,1.807799,264
13,2024-02-01,1.545911,1.2066705226898193,1.199982,0.910555,265
13,2024-03-01,1.37035,1.4201464653015137,1.376381,1.545911,266
13,2024-04-01,1.593907,1.2868494987487793,1.465001,1.37035,267
13,2024-05-01,2.009256,1.4255439043045044,1.388762,1.593907,268
13,2024-06-01,1.752026,1.9780805110931396,1.217269,2.009256,269
13,2024-07-01,1.659499,1.7438154220581055,1.412057,1.752026,270
13,2024-08-01,2.063446,1.536567211151123,1.34769,1.659499,271
13,2024-09-01,1.870828,2.0343735218048096,1.069576,2.063446,272
13,2024-10-01,1.603724,1.646148681640625,1.434048,1.870828,273
13,2024-11-01,1.732198,1.8205512762069702,1.407173,1.603724,274
13,2024-12-01,1.787474,1.7370140552520752,1.807799,1.732198,275
14,2019-01-01,13.708806,12.191069602966309,12.82233,12.794468,204
14,2019-02-01,13.706219,14.280030250549316,13.54723,13.708806,205
14,2019-03-01,15.945647,15.63945198059082,15.823323,13.706219,206
14,2019-04-01,17.889063,16.63376808166504,17.307889,15.945647,207
14,2019-05-01,17.774255,18.27947998046875,19.169962,17.889063,208
14,2019-06-01,16.995472,18.914417266845703,18.255266,17.774255,209
14,2019-07-01,17.782654,18.547727584838867,19.033364,16.995472,210
14,2019-08-01,17.72382,18.164718627929688,18.978531,17.782654,211
14,2019-09-01,14.688109,17.202316284179688,16.319364,17.72382,212
14,2019-10-01,15.96646,15.84257984161377,16.658977,14.688109,213
14,2019-11-01,12.706709,15.010268211364746,14.679813,15.96646,214
14,2019-12-01,11.815371,11.739498138427734,12.794468,12.706709,215
14,2020-01-01,12.507479,11.964086532592773,13.708806,11.815371,216
14,2020-02-01,12.068042,12.398382186889648,13.706219,12.507479,217
14,2020-03-01,13.439061,14.798293113708496,15.945647,12.068042,218
14,2020-04-01,12.541545,15.909255981445312,17.889063,13.439061,219
14,2020-05-01,12.201398,14.13343620300293,17.774255,12.541545,220
14,2020-06-01,11.762978,13.033727645874023,16.995472,12.201398,221
14,2020-07-01,11.951284,12.134461402893066,17.782654,11.762978,222
14,2020-08-01,12.663597,12.00668716430664,17.72382,11.951284,223
14,2020-09-01,11.664431,12.978087425231934,14.688109,12.663597,224
14,2020-10-01,12.380393,12.040367126464844,15.96646,11.664431,225
14,2020-11-01,11.670075,11.014991760253906,12.706709,12.380393,226
14,2020-12-01,11.211729,10.600930213928223,11.815371,11.670075,227
14,2021-01-01,10.495342,11.546632766723633,12.507479,11.211729,228
14,2021-02-01,8.833103,10.442007064819336,12.068042,10.495342,229
14,2021-03-01,12.903224,11.132206916809082,13.439061,8.833103,230
14,2021-04-01,13.860961,13.099186897277832,12.541545,12.903224,231
14,2021-05-01,13.475826,13.606522560119629,12.201398,13.860961,232
14,2021-06-01,15.192617,13.995014190673828,11.762978,13.475826,233
14,2021-07-01,14.868561,14.031401634216309,11.951284,15.192617,234
14,2021-08-01,15.237284,14.768074035644531,12.663597,14.868561,235
14,2021-09-01,14.639997,13.998209953308105,11.664431,15.237284,236
14,2021-10-01,14.647647,14.41472339630127,12.380393,14.639997,237
14,2021-11-01,13.110345,12.803539276123047,11.670075,14.647647,238
14,2021-12-01,13.847858,12.051643371582031,11.211729,13.110345,239
14,2022-01-01,11.489331,13.805983543395996,10.495342,13.847858,240
14,2022-02-01,11.762873,12.568914413452148,8.833103,11.489331,241
14,2022-03-01,14.829361,13.53589153289795,12.903224,11.762873,242
14,2022-04-01,14.893952,14.159979820251465,13.860961,14.829361,243
14,2022-05-01,15.457046,15.537839889526367,13.475826,14.893952,244
14,2022-06-01,15.394959,15.754886627197266,15.192617,15.457046,245
14,2022-07-01,16.201176,16.41215705871582,14.868561,15.394959,246
14,2022-08-01,17.11395,16.6636905670166,15.237284,16.201176,247
14,2022-09-01,15.451687,15.776488304138184,14.639997,17.11395,248
14,2022-10-01,15.724262,15.727508544921875,14.647647,15.451687,249
14,2022-11-01,14.158438,14.011767387390137,13.110345,15.724262,250
14,2022-12-01,13.659366,13.264945983886719,13.847858,14.158438,251
14,2023-01-01,14.859621,13.061517715454102,11.489331,13.659366,252
14,2023-02-01,13.126529,15.029013633728027,11.762873,14.859621,253
14,2023-03-01,14.953178,15.831128120422363,14.829361,13.126529,254
14,2023-04-01,16.087721,15.139819145202637,14.893952,14.953178,255
14,2023-05-01,16.924987,15.731523513793945,15.457046,16.087721,256
14,2023-06-01,16.473031,17.054973602294922,15.394959,16.924987,257
14,2023-07-01,16.196341,17.24683952331543,16.201176,16.473031,258
14,2023-08-01,17.048339,17.42103385925293,17.11395,16.196341,259
14,2023-09-01,12.536107,16.062950134277344,15.451687,17.048339,260
14,2023-10-01,13.238561,13.9093599319458,15.724262,12.536107,261
14,2023-11-01,12.961322,13.341442108154297,14.158438,13.238561,262
14,2023-12-01,12.756167,12.659384727478027,13.659366,12.961322,263
14,2024-01-01,10.065882,11.948376655578613,14.859621,12.756167,264
14,2024-02-01,11.745331,12.329086303710938,13.126529,10.065882,265
14,2024-03-01,13.6118,13.715461730957031,14.953178,11.745331,266
14,2024-04-01,15.559489,14.155814170837402,16.087721,13.6118,267
14,2024-05-01,14.678608,15.190006256103516,16.924987,15.559489,268
14,2024-06-01,14.167148,16.179834365844727,16.473031,14.678608,269
14,2024-07-01,14.174603,14.616922378540039,16.196341,14.167148,270
14,2024-08-01,15.685732,14.931663513183594,17.048339,14.174603,271
14,2024-09-01,13.919964,14.460326194763184,12.536107,15.685732,272
14,2024-10-01,15.239338,14.56756591796875,13.238561,13.919964,273
14,2024-11-01,13.402838,13.84280014038086,12.961322,15.239338,274
14,2024-12-01,13.709654,12.204110145568848,12.756167,13.402838,275
20,2019-01-01,10.986948,11.24130630493164,11.722397,11.073112,204
20,2019-02-01,9.893912,11.11134147644043,11.066657,10.986948,205
20,2019-03-01,11.204044,11.187092781066895,11.480013,9.893912,206
20,2019-04-01,12.230211,10.919207572937012,11.737286,11.204044,207
20,2019-05-01,11.450962,10.615126609802246,11.776181,12.230211,208
20,2019-06-01,11.575738,12.004350662231445,11.918643,11.450962,209
20,2019-07-01,12.230367,11.709088325500488,11.733135,11.575738,210
20,2019-08-01,11.409418,12.050301551818848,11.763913,12.230367,211
20,2019-09-01,10.553339,11.71493148803711,11.089489,11.409418,212
20,2019-10-01,11.489395,11.87668514251709,12.209712,10.553339,213
20,2019-11-01,10.47756,11.58891773223877,11.272922,11.489395,214
20,2019-12-01,11.690165,10.392855644226074,11.073112,10.47756,215
20,2020-01-01,11.401586,10.584175109863281,10.986948,11.690165,216
20,2020-02-01,10.828249,10.803315162658691,9.893912,11.401586,217
20,2020-03-01,12.136911,11.48462963104248,11.204044,10.828249,218
20,2020-04-01,10.45899,11.578412055969238,12.230211,12.136911,219
20,2020-05-01,9.920521,11.420594215393066,11.450962,10.45899,220
20,2020-06-01,10.875732,11.119768142700195,11.575738,9.920521,221
20,2020-07-01,12.252406,11.04831600189209,12.230367,10.875732,222
20,2020-08-01,10.893355,10.702495574951172,11.409418,12.252406,223
20,2020-09-01,12.107441,10.641773223876953,10.553339,10.893355,224
20,2020-10-01,11.951936,11.35380744934082,11.489395,12.107441,225
20,2020-11-01,11.98904,11.548176765441895,10.47756,11.951936,226
20,2020-12-01,11.63681,11.626468658447266,11.690165,11.98904,227
20,2021-01-01,11.362478,11.295977592468262,11.401586,11.63681,228
20,2021-02-01,10.29728,10.993669509887695,10.828249,11.362478,229
20,2021-03-01,12.536489,11.389801979064941,12.136911,10.29728,230
20,2021-04-01,11.763914,11.19890308380127,10.45899,12.536489,231
20,2021-05-01,11.65024,11.193745613098145,9.920521,11.763914,232
20,2021-06-01,12.017893,11.41577434539795,10.875732,11.65024,233
20,2021-07-01,11.246999,11.63893985748291,12.252406,12.017893,234
20,2021-08-01,11.538047,11.518722534179688,10.893355,11.246999,235
20,2021-09-01,11.493978,11.732438087463379,12.107441,11.538047,236
20,2021-10-01,12.342426,11.559356689453125,11.951936,11.493978,237
20,2021-11-01,12.044523,11.731977462768555,11.98904,12.342426,238
20,2021-12-01,11.69342,11.567683219909668,11.63681,12.044523,239
20,2022-01-01,11.750113,11.544809341430664,11.362478,11.69342,240
20,2022-02-01,11.22502,11.173104286193848,10.29728,11.750113,241
20,2022-03-01,12.989156,11.97014331817627,12.536489,11.22502,242
20,2022-04-01,12.540097,11.778313636779785,11.763914,12.989156,243
20,2022-05-01,12.117183,12.06821346282959,11.65024,12.540097,244
20,2022-06-01,12.38765,11.88119125366211,12.017893,12.117183,245
20,2022-07-01,12.205595,12.039530754089355,11.246999,12.38765,246
20,2022-08-01,12.608943,11.749454498291016,11.538047,12.205595,247
20,2022-09-01,12.008705,12.100811004638672,11.493978,12.608943,248
20,2022-10-01,12.943539,12.009993553161621,12.342426,12.008705,249
20,2022-11-01,13.020565,12.270668983459473,12.044523,12.943539,250
20,2022-12-01,11.623605,12.15238094329834,11.69342,13.020565,251
20,2023-01-01,12.77453,12.227682113647461,11.750113,11.623605,252
20,2023-02-01,12.532474,11.84398078918457,11.22502,12.77453,253
20,2023-03-01,13.534997,12.63974380493164,12.989156,12.532474,254
20,2023-04-01,12.394619,12.965083122253418,12.540097,13.534997,255
20,2023-05-01,13.386081,12.515955924987793,12.117183,12.394619,256
20,2023-06-01,12.980029,12.640625953674316,12.38765,13.386081,257
20,2023-07-01,12.987237,12.833252906799316,12.205595,12.980029,258
20,2023-08-01,12.044971,12.910219192504883,12.608943,12.987237,259
20,2023-09-01,12.406301,12.651754379272461,12.008705,12.044971,260
20,2023-10-01,13.151294,12.482653617858887,12.943539,12.406301,261
20,2023-11-01,13.151904,12.383699417114258,13.020565,13.151294,262
20,2023-12-01,12.709215,12.142273902893066,11.623605,13.151904,263
20,2024-01-01,9.647236,12.854534149169922,12.77453,12.709215,264
20,2024-02-01,13.010781,11.616604804992676,12.532474,9.647236,265
20,2024-03-01,12.690167,12.35924243927002,13.534997,13.010781,266
20,2024-04-01,13.184293,12.068323135375977,12.394619,12.690167,267
20,2024-05-01,12.665129,12.428967475891113,13.386081,13.184293,268
20,2024-06-01,12.550709,12.71197509765625,12.980029,12.665129,269
20,2024-07-01,14.170441,12.196294784545898,12.987237,12.550709,270
20,2024-08-01,13.043153,12.594374656677246,12.044971,14.170441,271
20,2024-09-01,12.65157,12.510741233825684,12.406301,13.043153,272
20,2024-10-01,14.843386,12.542215347290039,13.151294,12.65157,273
20,2024-11-01,12.577831,13.038006782531738,13.151904,14.843386,274
20,2024-12-01,13.071526,12.611513137817383,12.709215,12.577831,275
22,2019-01-01,0.01948,0.017874455079436302,0.02276,0.0118,204
22,2019-02-01,0.02064,0.021065358072519302,0.02288,0.01948,205
22,2019-03-01,0.02308,0.025221262127161026,0.0286,0.02064,206
22,2019-04-01,0.02216,0.025456180796027184,0.02548,0.02308,207
22,2019-05-01,0.01612,0.02407114952802658,0.0296,0.02216,208
22,2019-06-01,0.02452,0.015007312409579754,0.02068,0.01612,209
22,2019-07-01,0.02488,0.02321525849401951,0.025,0.02452,210
22,2019-08-01,0.0204,0.022842207923531532,0.02564,0.02488,211
22,2019-09-01,0.0164,0.019935166463255882,0.02136,0.0204,212
22,2019-10-01,0.02792,0.020444389432668686,0.0214,0.0164,213
22,2019-11-01,0.01472,0.020923735573887825,0.01876,0.02792,214
22,2019-12-01,0.01772,0.024354860186576843,0.0118,0.01472,215
22,2020-01-01,0.0172,0.018316755071282387,0.01948,0.01772,216
22,2020-02-01,0.01484,0.01987532153725624,0.02064,0.0172,217
22,2020-03-01,0.01616,0.017672011628746986,0.02308,0.01484,218
22,2020-04-01,0.02004,0.01637936383485794,0.02216,0.01616,219
22,2020-05-01,0.01668,0.01913764514029026,0.01612,0.02004,220
22,2020-06-01,0.02324,0.015935080125927925,0.02452,0.01668,221
22,2020-07-01,0.01628,0.02350376732647419,0.02488,0.02324,222
22,2020-08-01,0.02404,0.01810889132320881,0.0204,0.01628,223
22,2020-09-01,0.01816,0.02025037631392479,0.0164,0.02404,224
22,2020-10-01,0.01628,0.020208150148391724,0.02792,0.01816,225
22,2020-11-01,0.01724,0.021234529092907906,0.01472,0.01628,226
22,2020-12-01,0.02008,0.016419893130660057,0.01772,0.01724,227
22,2021-01-01,0.015795,0.01708485372364521,0.0172,0.02008,228
22,2021-02-01,0.0112,0.019452020525932312,0.01484,0.015795,229
22,2021-03-01,0.018845,0.019443100318312645,0.01616,0.0112,230
22,2021-04-01,0.02068,0.017475418746471405,0.02004,0.018845,231
22,2021-05-01,0.01704,0.019952425733208656,0.01668,0.02068,232
22,2021-06-01,0.01852,0.02115738019347191,0.02324,0.01704,233
22,2021-07-01,0.022,0.016522912308573723,0.01628,0.01852,234
22,2021-08-01,0.0182,0.02069372683763504,0.02404,0.022,235
22,2021-09-01,0.01088,0.01854713074862957,0.01816,0.0182,236
22,2021-10-01,0.0124,0.022078651934862137,0.01628,0.01088,237
22,2021-11-01,0.018385,0.017326537519693375,0.01724,0.0124,238
22,2021-12-01,0.015585,0.017319999635219574,0.02008,0.018385,239
22,2022-01-01,0.01715,0.015332713723182678,0.015795,0.015585,240
22,2022-02-01,0.01667,0.01733016036450863,0.0112,0.01715,241
22,2022-03-01,0.01883,0.01696246862411499,0.018845,0.01667,242
22,2022-04-01,0.018955,0.01925859972834587,0.02068,0.01883,243
22,2022-05-01,0.0175,0.01766408607363701,0.01704,0.018955,244
22,2022-06-01,0.016775,0.018323125317692757,0.01852,0.0175,245
22,2022-07-01,0.01644,0.02018645964562893,0.022,0.016775,246
22,2022-08-01,0.01532,0.016896817833185196,0.0182,0.01644,247
22,2022-09-01,0.015285,0.016470670700073242,0.01088,0.01532,248
22,2022-10-01,0.017785,0.016232168301939964,0.0124,0.015285,249
22,2022-11-01,0.014535,0.016172412782907486,0.018385,0.017785,250
22,2022-12-01,0.01512,0.01620267890393734,0.015585,0.014535,251
22,2023-01-01,0.01372,0.01626969687640667,0.01715,0.01512,252
22,2023-02-01,0.01728,0.016046112403273582,0.01667,0.01372,253
22,2023-03-01,0.01712,0.017020393162965775,0.01883,0.01728,254
22,2023-04-01,0.01892,0.01605229824781418,0.018955,0.01712,255
22,2023-05-01,0.01608,0.016888996586203575,0.0175,0.01892,256
22,2023-06-01,0.01034,0.01714082807302475,0.016775,0.01608,257
22,2023-07-01,0.01568,0.016112005338072777,0.01644,0.01034,258
22,2023-08-01,0.0232,0.015578803606331348,0.01532,0.01568,259
22,2023-09-01,0.01416,0.018314829096198082,0.015285,0.0232,260
22,2023-10-01,0.01812,0.01606827601790428,0.017785,0.01416,261
22,2023-11-01,0.01932,0.017668478190898895,0.014535,0.01812,262
22,2023-12-01,0.01284,0.01819702610373497,0.01512,0.01932,263
22,2024-01-01,0.00812,0.015872500836849213,0.01372,0.01284,264
22,2024-02-01,0.00964,0.016271740198135376,0.01728,0.00812,265
22,2024-03-01,0.01956,0.0143884951248765,0.01712,0.00964,266
22,2024-04-01,0.0146,0.01927822269499302,0.01892,0.01956,267
22,2024-05-01,0.01272,0.015342197380959988,0.01608,0.0146,268
22,2024-06-01,0.01684,0.014803605154156685,0.01034,0.01272,269
22,2024-07-01,0.01776,0.01596798561513424,0.01568,0.01684,270
22,2024-08-01,0.01156,0.018016977235674858,0.0232,0.01776,271
22,2024-09-01,0.01764,0.013362931087613106,0.01416,0.01156,272
22,2024-10-01,0.01452,0.0168747641146183,0.01812,0.01764,273
22,2024-11-01,0.01276,0.015158290974795818,0.01932,0.01452,274
22,2024-12-01,0.01796,0.014870083890855312,0.01284,0.01276,275
23,2019-01-01,0.50076,0.5167989134788513,0.45076,0.53856,204
23,2019-02-01,0.51872,0.5149325132369995,0.45196,0.50076,205
23,2019-03-01,0.50332,0.5305361151695251,0.49844,0.51872,206
23,2019-04-01,0.52512,0.5654844641685486,0.53016,0.50332,207
23,2019-05-01,0.5102,0.5021874308586121,0.48344,0.52512,208
23,2019-06-01,0.48824,0.5113168358802795,0.50324,0.5102,209
23,2019-07-01,0.50904,0.5598680973052979,0.5656,0.48824,210
23,2019-08-01,0.52692,0.527043342590332,0.55576,0.50904,211
23,2019-09-01,0.50764,0.5015522241592407,0.48932,0.52692,212
23,2019-10-01,0.54672,0.5522480607032776,0.64952,0.50764,213
23,2019-11-01,0.5042,0.5098006725311279,0.52404,0.54672,214
23,2019-12-01,0.4492,0.5352888703346252,0.53856,0.5042,215
23,2020-01-01,0.47216,0.4702922999858856,0.50076,0.4492,216
23,2020-02-01,0.4558,0.4918007254600525,0.51872,0.47216,217
23,2020-03-01,0.51584,0.4714309275150299,0.50332,0.4558,218
23,2020-04-01,0.36128,0.49698758125305176,0.52512,0.51584,219
23,2020-05-01,0.39168,0.47411084175109863,0.5102,0.36128,220
23,2020-06-01,0.4738,0.4513443410396576,0.48824,0.39168,221
23,2020-07-01,0.46136,0.425939679145813,0.50904,0.4738,222
23,2020-08-01,0.511,0.4587897062301636,0.52692,0.46136,223
23,2020-09-01,0.51336,0.4324270188808441,0.50764,0.511,224
23,2020-10-01,0.51908,0.46519818902015686,0.54672,0.51336,225
23,2020-11-01,0.57712,0.5053738355636597,0.5042,0.51908,226
23,2020-12-01,0.46804,0.4933203160762787,0.4492,0.57712,227
23,2021-01-01,0.46236,0.5035134553909302,0.47216,0.46804,228
23,2021-02-01,0.408925,0.5052223801612854,0.4558,0.46236,229
23,2021-03-01,0.567985,0.41414380073547363,0.51584,0.408925,230
23,2021-04-01,0.508875,0.46554189920425415,0.36128,0.567985,231
23,2021-05-01,0.5175,0.4616398513317108,0.39168,0.508875,232
23,2021-06-01,0.47721,0.5092071294784546,0.4738,0.5175,233
23,2021-07-01,0.48771,0.49664145708084106,0.46136,0.47721,234
23,2021-08-01,0.558365,0.5121287107467651,0.511,0.48771,235
23,2021-09-01,0.485495,0.5196701288223267,0.51336,0.558365,236
23,2021-10-01,0.4885,0.5472061634063721,0.51908,0.485495,237
23,2021-11-01,0.52887,0.5652938485145569,0.57712,0.4885,238
23,2021-12-01,0.418925,0.48449331521987915,0.46804,0.52887,239
23,2022-01-01,0.480645,0.4535170793533325,0.46236,0.418925,240
23,2022-02-01,0.450195,0.46253567934036255,0.408925,0.480645,241
23,2022-03-01,0.506005,0.48896902799606323,0.567985,0.450195,242
23,2022-04-01,0.47434,0.46466606855392456,0.508875,0.506005,243
23,2022-05-01,0.491865,0.5052998661994934,0.5175,0.47434,244
23,2022-06-01,0.443795,0.5139406323432922,0.47721,0.491865,245
23,2022-07-01,0.420595,0.4825870394706726,0.48771,0.443795,246
23,2022-08-01,0.465195,0.49176421761512756,0.558365,0.420595,247
23,2022-09-01,0.398835,0.4540756642818451,0.485495,0.465195,248
23,2022-10-01,0.44098,0.451664537191391,0.4885,0.398835,249
23,2022-11-01,0.369105,0.4759413003921509,0.52887,0.44098,250
23,2022-12-01,0.36301,0.3977828919887543,0.418925,0.369105,251
23,2023-01-01,0.370745,0.3988102972507477,0.480645,0.36301,252
23,2023-02-01,0.39284,0.3969849646091461,0.450195,0.370745,253
23,2023-03-01,0.35714,0.4442121088504791,0.506005,0.39284,254
23,2023-04-01,0.362495,0.3719841539859772,0.47434,0.35714,255
23,2023-05-01,0.399315,0.38083672523498535,0.491865,0.362495,256
23,2023-06-01,0.362695,0.3840915560722351,0.443795,0.399315,257
23,2023-07-01,0.415775,0.3629249036312103,0.420595,0.362695,258
23,2023-08-01,0.363165,0.40773820877075195,0.465195,0.415775,259
23,2023-09-01,0.37662,0.3778012990951538,0.398835,0.363165,260
23,2023-10-01,0.454135,0.38261890411376953,0.44098,0.37662,261
23,2023-11-01,0.405105,0.39577481150627136,0.369105,0.454135,262
23,2023-12-01,0.37568,0.37594038248062134,0.36301,0.405105,263
23,2024-01-01,0.31544,0.4145122170448303,0.370745,0.37568,264
23,2024-02-01,0.36076,0.3829943537712097,0.39284,0.31544,265
23,2024-03-01,0.38436,0.3958737254142761,0.35714,0.36076,266
23,2024-04-01,0.39048,0.3998774290084839,0.362495,0.38436,267
23,2024-05-01,0.37356,0.3843871057033539,0.399315,0.39048,268
23,2024-06-01,0.3774,0.38312190771102905,0.362695,0.37356,269
23,2024-07-01,0.41616,0.38658925890922546,0.415775,0.3774,270
23,2024-08-01,0.3888,0.3864307999610901,0.363165,0.41616,271
23,2024-09-01,0.42268,0.38669553399086,0.37662,0.3888,272
23,2024-10-01,0.42312,0.4093199074268341,0.454135,0.42268,273
23,2024-11-01,0.40236,0.42010849714279175,0.405105,0.42312,274
23,2024-12-01,0.38692,0.3914467990398407,0.37568,0.40236,275
24,2019-01-01,3.2736,3.492640256881714,3.488945,3.333072,204
24,2019-02-01,3.53977,3.359375476837158,3.52584,3.2736,205
24,2019-03-01,3.818675,3.798306941986084,3.818068,3.53977,206
24,2019-04-01,4.09783,3.7699196338653564,3.873524,3.818675,207
24,2019-05-01,4.029807,3.8827550411224365,4.13626,4.09783,208
24,2019-06-01,3.574904,3.865107536315918,4.010416,4.029807,209
24,2019-07-01,3.454472,3.6456520557403564,4.056776,3.574904,210
24,2019-08-01,3.732939,3.694262742996216,4.193448,3.454472,211
24,2019-09-01,3.664402,3.6679413318634033,3.600244,3.732939,212
24,2019-10-01,3.885966,3.7653446197509766,3.844608,3.664402,213
24,2019-11-01,3.5098,3.6294050216674805,3.367084,3.885966,214
24,2019-12-01,3.374103,3.5562424659729004,3.333072,3.5098,215
24,2020-01-01,3.86354,3.5238442420959473,3.2736,3.374103,216
24,2020-02-01,3.421792,3.598371982574463,3.53977,3.86354,217
24,2020-03-01,3.795531,3.949960231781006,3.818675,3.421792,218
24,2020-04-01,3.583027,3.7080166339874268,4.09783,3.795531,219
24,2020-05-01,3.074655,3.6149044036865234,4.029807,3.583027,220
24,2020-06-01,3.412921,3.2131476402282715,3.574904,3.074655,221
24,2020-07-01,3.581746,3.51102876663208,3.454472,3.412921,222
24,2020-08-01,3.446758,3.538849115371704,3.732939,3.581746,223
24,2020-09-01,3.529663,3.544600248336792,3.664402,3.446758,224
24,2020-10-01,3.560552,3.65885853767395,3.885966,3.529663,225
24,2020-11-01,3.602832,3.482123851776123,3.5098,3.560552,226
24,2020-12-01,3.378653,3.544027805328369,3.374103,3.602832,227
24,2021-01-01,3.611642,3.616116762161255,3.86354,3.378653,228
24,2021-02-01,3.378594,3.4493179321289062,3.421792,3.611642,229
24,2021-03-01,4.097763,3.813462972640991,3.795531,3.378594,230
24,2021-04-01,4.093668,3.777045965194702,3.583027,4.097763,231
24,2021-05-01,3.968593,3.6950454711914062,3.074655,4.093668,232
24,2021-06-01,4.058387,3.8552348613739014,3.412921,3.968593,233
24,2021-07-01,3.684107,4.019748687744141,3.581746,4.058387,234
24,2021-08-01,3.615024,3.6504156589508057,3.446758,3.684107,235
24,2021-09-01,3.749409,3.5973260402679443,3.529663,3.615024,236
24,2021-10-01,3.792589,3.6954798698425293,3.560552,3.749409,237
24,2021-11-01,3.542332,3.5819010734558105,3.602832,3.792589,238
24,2021-12-01,3.465096,3.3883955478668213,3.378653,3.542332,239
24,2022-01-01,3.456623,3.623979091644287,3.611642,3.465096,240
24,2022-02-01,3.547872,3.532073497772217,3.378594,3.456623,241
24,2022-03-01,3.81692,3.711510181427002,4.097763,3.547872,242
24,2022-04-01,3.769607,3.771256446838379,4.093668,3.81692,243
24,2022-05-01,4.174008,3.7429707050323486,3.968593,3.769607,244
24,2022-06-01,4.163294,3.8685500621795654,4.058387,4.174008,245
24,2022-07-01,3.998572,3.90466570854187,3.684107,4.163294,246
24,2022-08-01,4.018469,3.9347972869873047,3.615024,3.998572,247
24,2022-09-01,3.780696,3.9931211471557617,3.749409,4.018469,248
24,2022-10-01,3.612916,3.917111873626709,3.792589,3.780696,249
24,2022-11-01,3.473026,3.4657275676727295,3.542332,3.612916,250
24,2022-12-01,3.356995,3.4363760948181152,3.465096,3.473026,251
24,2023-01-01,3.287779,3.542391061782837,3.456623,3.356995,252
24,2023-02-01,3.357015,3.475360155105591,3.547872,3.287779,253
24,2023-03-01,3.839801,3.793471097946167,3.81692,3.357015,254
24,2023-04-01,3.562246,3.735825777053833,3.769607,3.839801,255
24,2023-05-01,3.878496,3.648815393447876,4.174008,3.562246,256
24,2023-06-01,3.647548,3.9289700984954834,4.163294,3.878496,257
24,2023-07-01,3.586392,3.520890712738037,3.998572,3.647548,258
24,2023-08-01,3.777848,3.5150458812713623,4.018469,3.586392,259
24,2023-09-01,3.321675,3.7246601581573486,3.780696,3.777848,260
24,2023-10-01,3.372202,3.6331839561462402,3.612916,3.321675,261
24,2023-11-01,3.67084,3.4108219146728516,3.473026,3.372202,262
24,2023-12-01,3.417888,3.507880210876465,3.356995,3.67084,263
24,2024-01-01,2.600748,3.5543291568756104,3.287779,3.417888,264
24,2024-02-01,3.563327,2.9304590225219727,3.357015,2.600748,265
24,2024-03-01,3.654825,3.7975940704345703,3.839801,3.563327,266
24,2024-04-01,3.774346,3.5087459087371826,3.562246,3.654825,267
24,2024-05-01,3.99707,3.746772289276123,3.878496,3.774346,268
24,2024-06-01,3.51757,3.8971903324127197,3.647548,3.99707,269
24,2024-07-01,3.582315,3.5235846042633057,3.586392,3.51757,270
24,2024-08-01,3.940236,3.5647976398468018,3.777848,3.582315,271
24,2024-09-01,3.419093,3.6875247955322266,3.321675,3.940236,272
24,2024-10-01,3.699557,3.4920248985290527,3.372202,3.419093,273
24,2024-11-01,3.417099,3.594904661178589,3.67084,3.699557,274
24,2024-12-01,3.227329,3.3440935611724854,3.417888,3.417099,275
25,2019-01-01,0.15504,0.18764348328113556,0.14116,0.228,204
25,2019-02-01,0.16624,0.1554996818304062,0.15332,0.15504,205
25,2019-03-01,0.22328,0.16599442064762115,0.14888,0.16624,206
25,2019-04-01,0.19932,0.20931684970855713,0.14984,0.22328,207
25,2019-05-01,0.21204,0.19480378925800323,0.16744,0.19932,208
25,2019-06-01,0.2146,0.21160605549812317,0.14336,0.21204,209
25,2019-07-01,0.18376,0.22473381459712982,0.17844,0.2146,210
25,2019-08-01,0.1912,0.1869107037782669,0.1904,0.18376,211
25,2019-09-01,0.22568,0.209713414311409,0.18972,0.1912,212
25,2019-10-01,0.2512,0.21986474096775055,0.2106,0.22568,213
25,2019-11-01,0.24428,0.21904787421226501,0.23916,0.2512,214
25,2019-12-01,0.19,0.23166339099407196,0.228,0.24428,215
25,2020-01-01,0.17796,0.1710716187953949,0.15504,0.19,216
25,2020-02-01,0.17616,0.19827504456043243,0.16624,0.17796,217
25,2020-03-01,0.17636,0.21197918057441711,0.22328,0.17616,218
25,2020-04-01,0.12372,0.18439845740795135,0.19932,0.17636,219
25,2020-05-01,0.18728,0.12845829129219055,0.21204,0.12372,220
25,2020-06-01,0.2146,0.18107083439826965,0.2146,0.18728,221
25,2020-07-01,0.17732,0.1836584210395813,0.18376,0.2146,222
25,2020-08-01,0.22852,0.1730569750070572,0.1912,0.17732,223
25,2020-09-01,0.22676,0.2230246216058731,0.22568,0.22852,224
25,2020-10-01,0.31784,0.21816056966781616,0.2512,0.22676,225
25,2020-11-01,0.29092,0.2503170371055603,0.24428,0.31784,226
25,2020-12-01,0.27608,0.20227056741714478,0.19,0.29092,227
25,2021-01-01,0.24696,0.18742074072360992,0.17796,0.27608,228
25,2021-02-01,0.21568,0.2212570309638977,0.17616,0.24696,229
25,2021-03-01,0.28968,0.2072746604681015,0.17636,0.21568,230
25,2021-04-01,0.28572,0.2013641595840454,0.12372,0.28968,231
25,2021-05-01,0.25536,0.2528226375579834,0.18728,0.28572,232
25,2021-06-01,0.25452,0.2641311287879944,0.2146,0.25536,233
25,2021-07-01,0.2558,0.27217787504196167,0.17732,0.25452,234
25,2021-08-01,0.29544,0.2671509087085724,0.22852,0.2558,235
25,2021-09-01,0.31264,0.2638608515262604,0.22676,0.29544,236
25,2021-10-01,0.2922,0.30008256435394287,0.31784,0.31264,237
25,2021-11-01,0.3364,0.28241485357284546,0.29092,0.2922,238
25,2021-12-01,0.27532,0.30226367712020874,0.27608,0.3364,239
25,2022-01-01,0.23484,0.2595936059951782,0.24696,0.27532,240
25,2022-02-01,0.24372,0.21735797822475433,0.21568,0.23484,241
25,2022-03-01,0.277135,0.287485271692276,0.28968,0.24372,242
25,2022-04-01,0.24556,0.2869779169559479,0.28572,0.277135,243
25,2022-05-01,0.25824,0.25643783807754517,0.25536,0.24556,244
25,2022-06-01,0.22572,0.269626647233963,0.25452,0.25824,245
25,2022-07-01,0.22024,0.2764029800891876,0.2558,0.22572,246
25,2022-08-01,0.2386,0.27159082889556885,0.29544,0.22024,247
25,2022-09-01,0.243545,0.239651158452034,0.31264,0.2386,248
25,2022-10-01,0.2912,0.25919309258461,0.2922,0.243545,249
25,2022-11-01,0.23648,0.2897363007068634,0.3364,0.2912,250
25,2022-12-01,0.13164,0.24016353487968445,0.27532,0.23648,251
25,2023-01-01,0.1102,0.1602996587753296,0.23484,0.13164,252
25,2023-02-01,0.1404,0.1408368945121765,0.24372,0.1102,253
25,2023-03-01,0.13508,0.13825248181819916,0.277135,0.1404,254
25,2023-04-01,0.10088,0.134508416056633,0.24556,0.13508,255
25,2023-05-01,0.11068,0.13579533994197845,0.25824,0.10088,256
25,2023-06-01,0.11372,0.1224033311009407,0.22572,0.11068,257
25,2023-07-01,0.12956,0.12133999168872833,0.22024,0.11372,258
25,2023-08-01,0.11664,0.12395205348730087,0.2386,0.12956,259
25,2023-09-01,0.14464,0.12302565574645996,0.243545,0.11664,260
25,2023-10-01,0.19904,0.17332080006599426,0.2912,0.14464,261
25,2023-11-01,0.1798,0.18936076760292053,0.23648,0.19904,262
25,2023-12-01,0.16196,0.1621118038892746,0.13164,0.1798,263
25,2024-01-01,0.11152,0.13562670350074768,0.1102,0.16196,264
25,2024-02-01,0.11488,0.12994948029518127,0.1404,0.11152,265
25,2024-03-01,0.12452,0.14461836218833923,0.13508,0.11488,266
25,2024-04-01,0.12868,0.11826387792825699,0.10088,0.12452,267
25,2024-05-01,0.10708,0.11787300556898117,0.11068,0.12868,268
25,2024-06-01,0.1216,0.11726224422454834,0.11372,0.10708,269
25,2024-07-01,0.13972,0.11736986041069031,0.12956,0.1216,270
25,2024-08-01,0.1488,0.12245279550552368,0.11664,0.13972,271
25,2024-09-01,0.14688,0.17151357233524323,0.14464,0.1488,272
25,2024-10-01,0.160255,0.18012800812721252,0.19904,0.14688,273
25,2024-11-01,0.15388,0.1722160279750824,0.1798,0.160255,274
25,2024-12-01,0.18832,0.1609271615743637,0.16196,0.15388,275
26,2019-01-01,3.580508,3.5362513065338135,3.611168,3.584748,204
26,2019-02-01,3.20216,3.5825142860412598,3.11146,3.580508,205
26,2019-03-01,3.406628,3.514539957046509,3.41166,3.20216,206
26,2019-04-01,3.409552,3.501152992248535,3.57642,3.406628,207
26,2019-05-01,3.456472,3.4614012241363525,3.557484,3.409552,208
26,2019-06-01,3.196671,3.45723295211792,3.45686,3.456472,209
26,2019-07-01,3.475508,3.5901970863342285,3.732924,3.196671,210
26,2019-08-01,3.54282,3.5157418251037598,3.832556,3.475508,211
26,2019-09-01,3.453556,3.402705430984497,3.471316,3.54282,212
26,2019-10-01,3.6252,3.4950928688049316,3.647568,3.453556,213
26,2019-11-01,3.335376,3.5330631732940674,3.684736,3.6252,214
26,2019-12-01,3.573552,3.488727569580078,3.584748,3.335376,215
26,2020-01-01,3.829438,3.305961847305298,3.580508,3.573552,216
26,2020-02-01,3.288,3.2997617721557617,3.20216,3.829438,217
26,2020-03-01,3.527935,3.5062501430511475,3.406628,3.288,218
26,2020-04-01,3.4217,3.5317845344543457,3.409552,3.527935,219
26,2020-05-01,3.190942,3.4726619720458984,3.456472,3.4217,220
26,2020-06-01,3.0757,3.3789591789245605,3.196671,3.190942,221
26,2020-07-01,3.341757,3.464167833328247,3.475508,3.0757,222
26,2020-08-01,3.274655,3.372847557067871,3.54282,3.341757,223
26,2020-09-01,3.299472,3.3148787021636963,3.453556,3.274655,224
26,2020-10-01,3.27562,3.43354868888855,3.6252,3.299472,225
26,2020-11-01,3.23984,3.323974132537842,3.335376,3.27562,226
26,2020-12-01,3.345179,3.3495700359344482,3.573552,3.23984,227
26,2021-01-01,3.61207,3.286219358444214,3.829438,3.345179,228
26,2021-02-01,2.99322,3.1827635765075684,3.288,3.61207,229
26,2021-03-01,3.562605,3.355238199234009,3.527935,2.99322,230
26,2021-04-01,3.35597,3.4213011264801025,3.4217,3.562605,231
26,2021-05-01,3.347445,3.2986748218536377,3.190942,3.35597,232
26,2021-06-01,3.45494,3.324632167816162,3.0757,3.347445,233
26,2021-07-01,3.443675,3.346895217895508,3.341757,3.45494,234
26,2021-08-01,3.54193,3.345202922821045,3.274655,3.443675,235
26,2021-09-01,3.529685,3.335537910461426,3.299472,3.54193,236
26,2021-10-01,3.322695,3.4410717487335205,3.27562,3.529685,237
26,2021-11-01,3.31118,3.335984230041504,3.23984,3.322695,238
26,2021-12-01,3.441185,3.3267059326171875,3.345179,3.31118,239
26,2022-01-01,3.32614,3.492609977722168,3.61207,3.441185,240
26,2022-02-01,3.159045,3.2098374366760254,2.99322,3.32614,241
26,2022-03-01,3.44222,3.427527904510498,3.562605,3.159045,242
26,2022-04-01,3.42984,3.3054862022399902,3.35597,3.44222,243
26,2022-05-01,3.55291,3.3429176807403564,3.347445,3.42984,244
26,2022-06-01,3.423045,3.438544988632202,3.45494,3.55291,245
26,2022-07-01,3.386075,3.4950037002563477,3.443675,3.423045,246
26,2022-08-01,3.509165,3.487983226776123,3.54193,3.386075,247
26,2022-09-01,3.215175,3.3936655521392822,3.529685,3.509165,248
26,2022-10-01,3.062875,3.435844659805298,3.322695,3.215175,249
26,2022-11-01,3.20444,3.2799742221832275,3.31118,3.062875,250
26,2022-12-01,3.076365,3.2654128074645996,3.441185,3.20444,251
26,2023-01-01,3.365685,3.2976298332214355,3.32614,3.076365,252
26,2023-02-01,2.88546,3.161876916885376,3.159045,3.365685,253
26,2023-03-01,3.11232,3.314491033554077,3.44222,2.88546,254
26,2023-04-01,2.843305,3.3518688678741455,3.42984,3.11232,255
26,2023-05-01,3.10785,3.233060359954834,3.55291,2.843305,256
26,2023-06-01,2.94332,3.0678696632385254,3.423045,3.10785,257
26,2023-07-01,2.895145,3.058262825012207,3.386075,2.94332,258
26,2023-08-01,3.066825,2.984403610229492,3.509165,2.895145,259
26,2023-09-01,3.05075,2.976463556289673,3.215175,3.066825,260
26,2023-10-01,2.97041,2.9722561836242676,3.062875,3.05075,261
26,2023-11-01,2.97393,2.96462082862854,3.20444,2.97041,262
26,2023-12-01,3.07864,2.971113681793213,3.076365,2.97393,263
26,2024-01-01,2.211665,3.1627070903778076,3.365685,3.07864,264
26,2024-02-01,2.972195,1.5653910636901855,2.88546,2.211665,265
26,2024-03-01,3.086655,2.849459171295166,3.11232,2.972195,266
26,2024-04-01,3.3105,2.988250970840454,2.843305,3.086655,267
26,2024-05-01,3.175145,3.0893261432647705,3.10785,3.3105,268
26,2024-06-01,3.044605,3.253946542739868,2.94332,3.175145,269
26,2024-07-01,3.37379,3.155543565750122,2.895145,3.044605,270
26,2024-08-01,3.163085,3.1586616039276123,3.066825,3.37379,271
26,2024-09-01,3.035465,3.142112970352173,3.05075,3.163085,272
26,2024-10-01,3.02251,3.180215835571289,2.97041,3.035465,273
26,2024-11-01,2.906675,3.058688163757324,2.97393,3.02251,274
26,2024-12-01,3.32926,2.99988055229187,3.07864,2.906675,275
27,2019-01-01,0.05344,0.048948053270578384,0.03896,0.05432,204
27,2019-02-01,0.0398,0.0528867281973362,0.05052,0.05344,205
27,2019-03-01,0.0386,0.04847988486289978,0.05036,0.0398,206
27,2019-04-01,0.0428,0.04124261811375618,0.03896,0.0386,207
27,2019-05-01,0.04348,0.04278844967484474,0.05024,0.0428,208
27,2019-06-01,0.02868,0.04514393210411072,0.0462,0.04348,209
27,2019-07-01,0.03712,0.03926333785057068,0.05732,0.02868,210
27,2019-08-01,0.02276,0.043203018605709076,0.04428,0.03712,211
27,2019-09-01,0.03228,0.03185874968767166,0.0474,0.02276,212
27,2019-10-01,0.05464,0.05097587779164314,0.0738,0.03228,213
27,2019-11-01,0.04324,0.04720298945903778,0.05048,0.05464,214
27,2019-12-01,0.0306,0.03974515199661255,0.05432,0.04324,215
27,2020-01-01,0.03436,0.03549592196941376,0.05344,0.0306,216
27,2020-02-01,0.0424,0.029051179066300392,0.0398,0.03436,217
27,2020-03-01,0.04248,0.03594207391142845,0.0386,0.0424,218
27,2020-04-01,0.03984,0.03520403057336807,0.0428,0.04248,219
27,2020-05-01,0.03368,0.03874681890010834,0.04348,0.03984,220
27,2020-06-01,0.03164,0.036919619888067245,0.02868,0.03368,221
27,2020-07-01,0.02524,0.03486350178718567,0.03712,0.03164,222
27,2020-08-01,0.03996,0.032519690692424774,0.02276,0.02524,223
27,2020-09-01,0.04312,0.03752831369638443,0.03228,0.03996,224
27,2020-10-01,0.04996,0.04608246684074402,0.05464,0.04312,225
27,2020-11-01,0.04756,0.041155751794576645,0.04324,0.04996,226
27,2020-12-01,0.03604,0.041497841477394104,0.0306,0.04756,227
27,2021-01-01,0.03824,0.039381202310323715,0.03436,0.03604,228
27,2021-02-01,0.03144,0.038676243275403976,0.0424,0.03824,229
27,2021-03-01,0.04384,0.03478998690843582,0.04248,0.03144,230
27,2021-04-01,0.0352,0.04311754181981087,0.03984,0.04384,231
27,2021-05-01,0.0376,0.03935587778687477,0.03368,0.0352,232
27,2021-06-01,0.03464,0.03340524435043335,0.03164,0.0376,233
27,2021-07-01,0.036,0.03680780157446861,0.02524,0.03464,234
27,2021-08-01,0.0252,0.033671580255031586,0.03996,0.036,235
27,2021-09-01,0.04044,0.035796117037534714,0.04312,0.0252,236
27,2021-10-01,0.04108,0.04294760525226593,0.04996,0.04044,237
27,2021-11-01,0.02852,0.04184727370738983,0.04756,0.04108,238
27,2021-12-01,0.03764,0.031172525137662888,0.03604,0.02852,239
27,2022-01-01,0.03228,0.034707825630903244,0.03824,0.03764,240
27,2022-02-01,0.02768,0.03283172473311424,0.03144,0.03228,241
27,2022-03-01,0.03984,0.03445593640208244,0.04384,0.02768,242
27,2022-04-01,0.03632,0.03667604923248291,0.0352,0.03984,243
27,2022-05-01,0.03528,0.029808377847075462,0.0376,0.03632,244
27,2022-06-01,0.02048,0.03172433748841286,0.03464,0.03528,245
27,2022-07-01,0.01716,0.03520495444536209,0.036,0.02048,246
27,2022-08-01,0.03432,0.022407768294215202,0.0252,0.01716,247
27,2022-09-01,0.0184,0.03720396012067795,0.04044,0.03432,248
27,2022-10-01,0.0332,0.03222694993019104,0.04108,0.0184,249
27,2022-11-01,0.02512,0.03149859234690666,0.02852,0.0332,250
27,2022-12-01,0.01904,0.032475750893354416,0.03764,0.02512,251
27,2023-01-01,0.0196,0.031737081706523895,0.03228,0.01904,252
27,2023-02-01,0.0148,0.029337497428059578,0.02768,0.0196,253
27,2023-03-01,0.02264,0.01719014160335064,0.03984,0.0148,254
27,2023-04-01,0.02416,0.01920805685222149,0.03632,0.02264,255
27,2023-05-01,0.03328,0.023142436519265175,0.03528,0.02416,256
27,2023-06-01,0.02492,0.03088788129389286,0.02048,0.03328,257
27,2023-07-01,0.02688,0.025996411219239235,0.01716,0.02492,258
27,2023-08-01,0.02292,0.02773178741335869,0.03432,0.02688,259
27,2023-09-01,0.0406,0.027529437094926834,0.0184,0.02292,260
27,2023-10-01,0.03492,0.03742864355444908,0.0332,0.0406,261
27,2023-11-01,0.03908,0.032322563230991364,0.02512,0.03492,262
27,2023-12-01,0.0294,0.0326395221054554,0.01904,0.03908,263
27,2024-01-01,0.02528,0.0325763076543808,0.0196,0.0294,264
27,2024-02-01,0.02172,0.02746683731675148,0.0148,0.02528,265
27,2024-03-01,0.02968,0.030542152002453804,0.02264,0.02172,266
27,2024-04-01,0.0286,0.02774517796933651,0.02416,0.02968,267
27,2024-05-01,0.02572,0.031449995934963226,0.03328,0.0286,268
27,2024-06-01,0.01932,0.030084047466516495,0.02492,0.02572,269
27,2024-07-01,0.02468,0.025525441393256187,0.02688,0.01932,270
27,2024-08-01,0.02276,0.02840179018676281,0.02292,0.02468,271
27,2024-09-01,0.03036,0.03133377805352211,0.0406,0.02276,272
27,2024-10-01,0.02824,0.030642716214060783,0.03492,0.03036,273
27,2024-11-01,0.02964,0.03199852257966995,0.03908,0.02824,274
27,2024-12-01,0.01604,0.02267260104417801,0.0294,0.02964,275
28,2019-01-01,23.313645,22.518085479736328,23.060721,23.301205,204
28,2019-02-01,21.088079,21.823152542114258,20.568705,23.313645,205
28,2019-03-01,22.718651,23.579978942871094,24.073205,21.088079,206
28,2019-04-01,23.462133,22.368253707885742,22.887801,22.718651,207
28,2019-05-01,24.557964,22.825422286987305,23.399434,23.462133,208
28,2019-06-01,22.019941,22.789106369018555,21.940933,24.557964,209
28,2019-07-01,24.125705,22.89165687561035,23.091092,22.019941,210
28,2019-08-01,23.208621,23.438459396362305,23.698842,24.125705,211
28,2019-09-01,23.177216,22.736913681030273,21.784119,23.208621,212
28,2019-10-01,22.93848,23.30974578857422,23.279984,23.177216,213
28,2019-11-01,21.336349,23.257354736328125,22.82571,22.93848,214
28,2019-12-01,23.147425,23.2381591796875,23.301205,21.336349,215
28,2020-01-01,23.636696,22.39951515197754,23.313645,23.147425,216
28,2020-02-01,22.511497,22.871753692626953,21.088079,23.636696,217
28,2020-03-01,24.591615,23.063203811645508,22.718651,22.511497,218
28,2020-04-01,21.429536,23.818506240844727,23.462133,24.591615,219
28,2020-05-01,19.607783,23.402151107788086,24.557964,21.429536,220
28,2020-06-01,20.310074,21.963390350341797,22.019941,19.607783,221
28,2020-07-01,22.329158,20.323226928710938,24.125705,20.310074,222
28,2020-08-01,21.844012,22.116405487060547,23.208621,22.329158,223
28,2020-09-01,21.603556,22.068645477294922,23.177216,21.844012,224
28,2020-10-01,21.438035,22.095060348510742,22.93848,21.603556,225
28,2020-11-01,21.732293,21.863924026489258,21.336349,21.438035,226
28,2020-12-01,23.36902,22.007150650024414,23.147425,21.732293,227
28,2021-01-01,23.606712,22.67758560180664,23.636696,23.36902,228
28,2021-02-01,20.17282,23.147747039794922,22.511497,23.606712,229
28,2021-03-01,23.42513,21.341699600219727,24.591615,20.17282,230
28,2021-04-01,24.258822,22.24796485900879,21.429536,23.42513,231
28,2021-05-01,23.820729,21.329296112060547,19.607783,24.258822,232
28,2021-06-01,24.846117,23.164594650268555,20.310074,23.820729,233
28,2021-07-01,24.546092,23.301149368286133,22.329158,24.846117,234
28,2021-08-01,24.605671,23.868005752563477,21.844012,24.546092,235
28,2021-09-01,22.522935,23.986297607421875,21.603556,24.605671,236
28,2021-10-01,23.076408,23.126985549926758,21.438035,22.522935,237
28,2021-11-01,24.296778,22.275711059570312,21.732293,23.076408,238
28,2021-12-01,24.657615,22.843393325805664,23.36902,24.296778,239
28,2022-01-01,24.132349,23.379804611206055,23.606712,24.657615,240
28,2022-02-01,22.861572,22.440296173095703,20.17282,24.132349,241
28,2022-03-01,25.773658,24.169700622558594,23.42513,22.861572,242
28,2022-04-01,24.013414,22.751813888549805,24.258822,25.773658,243
28,2022-05-01,23.962145,23.543182373046875,23.820729,24.013414,244
28,2022-06-01,23.403394,23.163803100585938,24.846117,23.962145,245
28,2022-07-01,22.928421,24.490537643432617,24.546092,23.403394,246
28,2022-08-01,24.122873,23.29811668395996,24.605671,22.928421,247
28,2022-09-01,23.056792,23.570388793945312,22.522935,24.122873,248
28,2022-10-01,22.169288,23.802688598632812,23.076408,23.056792,249
28,2022-11-01,22.927061,23.500032424926758,24.296778,22.169288,250
28,2022-12-01,21.436855,23.361711502075195,24.657615,22.927061,251
28,2023-01-01,22.991288,22.81736946105957,24.132349,21.436855,252
28,2023-02-01,22.645886,22.163902282714844,22.861572,22.991288,253
28,2023-03-01,24.844702,22.764158248901367,25.773658,22.645886,254
28,2023-04-01,23.658609,24.046031951904297,24.013414,24.844702,255
28,2023-05-01,25.051402,23.89397430419922,23.962145,23.658609,256
28,2023-06-01,23.549413,24.46105194091797,23.403394,25.051402,257
28,2023-07-01,23.394923,24.490468978881836,22.928421,23.549413,258
28,2023-08-01,24.303476,24.09667205810547,24.122873,23.394923,259
28,2023-09-01,22.830709,22.993648529052734,23.056792,24.303476,260
28,2023-10-01,23.489192,23.189708709716797,22.169288,22.830709,261
28,2023-11-01,23.793113,23.02414894104004,22.927061,23.489192,262
28,2023-12-01,23.264858,23.404447555541992,21.436855,23.793113,263
28,2024-01-01,19.238077,24.063554763793945,22.991288,23.264858,264
28,2024-02-01,23.777444,20.871572494506836,22.645886,19.238077,265
28,2024-03-01,24.109472,22.729516983032227,24.844702,23.777444,266
28,2024-04-01,25.518202,22.077280044555664,23.658609,24.109472,267
28,2024-05-01,25.116316,23.69542121887207,25.051402,25.518202,268
28,2024-06-01,23.866096,24.335527420043945,23.549413,25.116316,269
28,2024-07-01,25.843635,24.255577087402344,23.394923,23.866096,270
28,2024-08-01,25.400501,24.148910522460938,24.303476,25.843635,271
28,2024-09-01,23.452759,23.715192794799805,22.830709,25.400501,272
28,2024-10-01,25.343777,24.18172264099121,23.489192,23.452759,273
28,2024-11-01,23.406872,24.478723526000977,23.793113,25.343777,274
28,2024-12-01,25.301646,24.12884521484375,23.264858,23.406872,275
29,2019-01-01,7.33477,6.398983001708984,6.495114,7.120282,204
29,2019-02-01,6.260759,6.389945983886719,5.808353,7.33477,205
29,2019-03-01,6.487156,6.964926719665527,6.517701,6.260759,206
29,2019-04-01,7.017649,6.050060272216797,6.749958,6.487156,207
29,2019-05-01,6.897814,6.834535598754883,6.669079,7.017649,208
29,2019-06-01,6.464869,7.066861629486084,6.826877,6.897814,209
29,2019-07-01,7.192483,6.859246730804443,7.046371,6.464869,210
29,2019-08-01,7.553779,7.052300930023193,7.094836,7.192483,211
29,2019-09-01,6.896673,6.840536117553711,6.794422,7.553779,212
29,2019-10-01,7.418157,7.23631477355957,7.277625,6.896673,213
29,2019-11-01,7.200291,7.337856769561768,7.064528,7.418157,214
29,2019-12-01,7.882319,7.331508159637451,7.120282,7.200291,215
29,2020-01-01,8.087785,7.219430446624756,7.33477,7.882319,216
29,2020-02-01,7.128307,7.156042098999023,6.260759,8.087785,217
29,2020-03-01,7.406712,7.080080032348633,6.487156,7.128307,218
29,2020-04-01,5.864592,7.265707015991211,7.017649,7.406712,219
29,2020-05-01,5.556554,6.8186726570129395,6.897814,5.864592,220
29,2020-06-01,6.16952,6.10024881362915,6.464869,5.556554,221
29,2020-07-01,6.283133,6.769476413726807,7.192483,6.16952,222
29,2020-08-01,6.030555,6.378604888916016,7.553779,6.283133,223
29,2020-09-01,6.434022,6.04777717590332,6.896673,6.030555,224
29,2020-10-01,6.647378,6.656742572784424,7.418157,6.434022,225
29,2020-11-01,6.351822,6.827568531036377,7.200291,6.647378,226
29,2020-12-01,6.797797,6.774369716644287,7.882319,6.351822,227
29,2021-01-01,7.10759,7.2011284828186035,8.087785,6.797797,228
29,2021-02-01,6.4069,6.8731489181518555,7.128307,7.10759,229
29,2021-03-01,7.245734,6.912883281707764,7.406712,6.4069,230
29,2021-04-01,6.9092,6.788581371307373,5.864592,7.245734,231
29,2021-05-01,6.75786,6.761783123016357,5.556554,6.9092,232
29,2021-06-01,7.174661,7.073232173919678,6.16952,6.75786,233
29,2021-07-01,6.9355,6.838706970214844,6.283133,7.174661,234
29,2021-08-01,7.029391,7.059879779815674,6.030555,6.9355,235
29,2021-09-01,6.825986,6.819828033447266,6.434022,7.029391,236
29,2021-10-01,6.87577,7.059617519378662,6.647378,6.825986,237
29,2021-11-01,6.59624,7.008262634277344,6.351822,6.87577,238
29,2021-12-01,7.046176,6.727962970733643,6.797797,6.59624,239
29,2022-01-01,7.6496,7.399999141693115,7.10759,7.046176,240
29,2022-02-01,6.798866,6.849393367767334,6.4069,7.6496,241
29,2022-03-01,7.312035,7.444089412689209,7.245734,6.798866,242
29,2022-04-01,6.820696,6.495511054992676,6.9092,7.312035,243
29,2022-05-01,6.953506,7.0687384605407715,6.75786,6.820696,244
29,2022-06-01,7.313969,7.3854875564575195,7.174661,6.953506,245
29,2022-07-01,7.453011,6.506448268890381,6.9355,7.313969,246
29,2022-08-01,7.421737,6.983762741088867,7.029391,7.453011,247
29,2022-09-01,6.893803,6.954697608947754,6.825986,7.421737,248
29,2022-10-01,7.010497,6.876286506652832,6.87577,6.893803,249
29,2022-11-01,7.254455,6.998902320861816,6.59624,7.010497,250
29,2022-12-01,6.977953,7.327385425567627,7.046176,7.254455,251
29,2023-01-01,7.711099,7.2112531661987305,7.6496,6.977953,252
29,2023-02-01,7.090574,6.806073188781738,6.798866,7.711099,253
29,2023-03-01,7.436388,7.480900287628174,7.312035,7.090574,254
29,2023-04-01,6.790888,6.73283576965332,6.820696,7.436388,255
29,2023-05-01,7.244062,6.863795280456543,6.953506,6.790888,256
29,2023-06-01,6.912018,7.514015197753906,7.313969,7.244062,257
29,2023-07-01,6.975268,7.482831954956055,7.453011,6.912018,258
29,2023-08-01,7.232227,7.282983779907227,7.421737,6.975268,259
29,2023-09-01,6.973208,7.081262588500977,6.893803,7.232227,260
29,2023-10-01,7.649232,7.140386581420898,7.010497,6.973208,261
29,2023-11-01,7.612116,7.180870056152344,7.254455,7.649232,262
29,2023-12-01,7.615044,7.358038902282715,6.977953,7.612116,263
29,2024-01-01,6.135868,7.688726425170898,7.711099,7.615044,264
29,2024-02-01,7.1141,6.280109882354736,7.090574,6.135868,265
29,2024-03-01,7.413612,6.600382328033447,7.436388,7.1141,266
29,2024-04-01,7.149937,6.5067620277404785,6.790888,7.413612,267
29,2024-05-01,7.533219,7.358974933624268,7.244062,7.149937,268
29,2024-06-01,7.45483,7.156871795654297,6.912018,7.533219,269
29,2024-07-01,7.826268,7.361598968505859,6.975268,7.45483,270
29,2024-08-01,7.721485,7.463884353637695,7.232227,7.826268,271
29,2024-09-01,7.659469,7.519631385803223,6.973208,7.721485,272
29,2024-10-01,7.990301,6.810053825378418,7.649232,7.659469,273
29,2024-11-01,7.42197,7.500494480133057,7.612116,7.990301,274
29,2024-12-01,7.98304,7.291013717651367,7.615044,7.42197,275
30,2019-01-01,0.27976,0.36093226075172424,0.30088,0.387,204
30,2019-02-01,0.32628,0.315358966588974,0.29964,0.27976,205
30,2019-03-01,0.3572,0.3813067376613617,0.33888,0.32628,206
30,2019-04-01,0.38064,0.35379379987716675,0.314,0.3572,207
30,2019-05-01,0.36524,0.3602716326713562,0.3534,0.38064,208
30,2019-06-01,0.34784,0.37619736790657043,0.35584,0.36524,209
30,2019-07-01,0.3664,0.39131808280944824,0.37904,0.34784,210
30,2019-08-01,0.405,0.3688774108886719,0.35092,0.3664,211
30,2019-09-01,0.36268,0.3619871139526367,0.34504,0.405,212
30,2019-10-01,0.41908,0.40091240406036377,0.45632,0.36268,213
30,2019-11-01,0.40424,0.38180169463157654,0.36468,0.41908,214
30,2019-12-01,0.38212,0.38943129777908325,0.387,0.40424,215
30,2020-01-01,0.3614,0.2856861352920532,0.27976,0.38212,216
30,2020-02-01,0.411235,0.36242973804473877,0.32628,0.3614,217
30,2020-03-01,0.40421,0.3789168894290924,0.3572,0.411235,218
30,2020-04-01,0.27932,0.3748428523540497,0.38064,0.40421,219
30,2020-05-01,0.27132,0.37397581338882446,0.36524,0.27932,220
30,2020-06-01,0.37368,0.31485503911972046,0.34784,0.27132,221
30,2020-07-01,0.40356,0.3327779471874237,0.3664,0.37368,222
30,2020-08-01,0.47468,0.32483944296836853,0.405,0.40356,223
30,2020-09-01,0.449444,0.38072481751441956,0.36268,0.47468,224
30,2020-10-01,0.43248,0.4142385721206665,0.41908,0.449444,225
30,2020-11-01,0.50312,0.374181866645813,0.40424,0.43248,226
30,2020-12-01,0.4198,0.4048575758934021,0.38212,0.50312,227
30,2021-01-01,0.40202,0.37588775157928467,0.3614,0.4198,228
30,2021-02-01,0.377405,0.393738329410553,0.411235,0.40202,229
30,2021-03-01,0.485275,0.351018488407135,0.40421,0.377405,230
30,2021-04-01,0.43003,0.34893643856048584,0.27932,0.485275,231
30,2021-05-01,0.45613,0.38368308544158936,0.27132,0.43003,232
30,2021-06-01,0.456045,0.3739391267299652,0.37368,0.45613,233
30,2021-07-01,0.361515,0.44589394330978394,0.40356,0.456045,234
30,2021-08-01,0.44722,0.41803333163261414,0.47468,0.361515,235
30,2021-09-01,0.41702,0.435141384601593,0.449444,0.44722,236
30,2021-10-01,0.42653,0.413735955953598,0.43248,0.41702,237
30,2021-11-01,0.477085,0.4318224787712097,0.50312,0.42653,238
30,2021-12-01,0.43557,0.4515666663646698,0.4198,0.477085,239
30,2022-01-01,0.42831,0.36315470933914185,0.40202,0.43557,240
30,2022-02-01,0.43281,0.4313232898712158,0.377405,0.42831,241
30,2022-03-01,0.43582,0.4384753704071045,0.485275,0.43281,242
30,2022-04-01,0.41455,0.4324021637439728,0.43003,0.43582,243
30,2022-05-01,0.48728,0.4175489842891693,0.45613,0.41455,244
30,2022-06-01,0.417905,0.4356733560562134,0.456045,0.48728,245
30,2022-07-01,0.36005,0.44363483786582947,0.361515,0.417905,246
30,2022-08-01,0.421685,0.42457446455955505,0.44722,0.36005,247
30,2022-09-01,0.35888,0.44244661927223206,0.41702,0.421685,248
30,2022-10-01,0.43147,0.3975532054901123,0.42653,0.35888,249
30,2022-11-01,0.37597,0.444448322057724,0.477085,0.43147,250
30,2022-12-01,0.352855,0.4193587899208069,0.43557,0.37597,251
30,2023-01-01,0.367895,0.4046074450016022,0.42831,0.352855,252
30,2023-02-01,0.352205,0.37330082058906555,0.43281,0.367895,253
30,2023-03-01,0.38408,0.36216580867767334,0.43582,0.352205,254
30,2023-04-01,0.330345,0.36173015832901,0.41455,0.38408,255
30,2023-05-01,0.35333,0.35358890891075134,0.48728,0.330345,256
30,2023-06-01,0.36953,0.36982110142707825,0.417905,0.35333,257
30,2023-07-01,0.3898,0.36621782183647156,0.36005,0.36953,258
30,2023-08-01,0.349065,0.39421960711479187,0.421685,0.3898,259
30,2023-09-01,0.338135,0.3996039628982544,0.35888,0.349065,260
30,2023-10-01,0.453325,0.3625411093235016,0.43147,0.338135,261
30,2023-11-01,0.35115,0.3673938810825348,0.37597,0.453325,262
30,2023-12-01,0.306945,0.377913236618042,0.352855,0.35115,263
30,2024-01-01,0.2254,0.3064059615135193,0.367895,0.306945,264
30,2024-02-01,0.33871,0.31009241938591003,0.352205,0.2254,265
30,2024-03-01,0.338145,0.3124631643295288,0.38408,0.33871,266
30,2024-04-01,0.343895,0.3413461744785309,0.330345,0.338145,267
30,2024-05-01,0.310835,0.35605156421661377,0.35333,0.343895,268
30,2024-06-01,0.286035,0.33040255308151245,0.36953,0.310835,269
30,2024-07-01,0.31588,0.3011856973171234,0.3898,0.286035,270
30,2024-08-01,0.353565,0.33803632855415344,0.349065,0.31588,271
30,2024-09-01,0.26838,0.3714168965816498,0.338135,0.353565,272
30,2024-10-01,0.325085,0.3494701385498047,0.453325,0.26838,273
30,2024-11-01,0.33186,0.33126798272132874,0.35115,0.325085,274
30,2024-12-01,0.292795,0.3039414584636688,0.306945,0.33186,275
32,2019-01-01,3.53475,3.615595817565918,3.659968,3.699845,204
32,2019-02-01,3.425407,3.5956878662109375,3.505828,3.53475,205
32,2019-03-01,4.124677,4.046565055847168,3.935727,3.425407,206
32,2019-04-01,4.13718,4.238961696624756,4.455961,4.124677,207
32,2019-05-01,4.581111,4.281571865081787,4.981668,4.13718,208
32,2019-06-01,4.367557,4.431601524353027,4.738617,4.581111,209
32,2019-07-01,4.846566,4.6854400634765625,4.848759,4.367557,210
32,2019-08-01,5.256184,4.639824867248535,4.756638,4.846566,211
32,2019-09-01,4.554571,4.478737831115723,4.174005,5.256184,212
32,2019-10-01,4.95108,4.650846004486084,4.533049,4.554571,213
32,2019-11-01,4.304976,4.2232584953308105,4.114134,4.95108,214
32,2019-12-01,3.922548,4.1322736740112305,3.699845,4.304976,215
32,2020-01-01,4.181209,3.7901909351348877,3.53475,3.922548,216
32,2020-02-01,3.606365,3.7319626808166504,3.425407,4.181209,217
32,2020-03-01,4.219276,4.005681037902832,4.124677,3.606365,218
32,2020-04-01,4.017535,4.19940185546875,4.13718,4.219276,219
32,2020-05-01,4.12316,4.275488376617432,4.581111,4.017535,220
32,2020-06-01,4.307849,4.40077018737793,4.367557,4.12316,221
32,2020-07-01,4.606572,4.572726726531982,4.846566,4.307849,222
32,2020-08-01,4.330279,4.563817024230957,5.256184,4.606572,223
32,2020-09-01,4.653314,4.469272613525391,4.554571,4.330279,224
32,2020-10-01,4.770568,4.6430768966674805,4.95108,4.653314,225
32,2020-11-01,4.484423,4.229509353637695,4.304976,4.770568,226
32,2020-12-01,3.807214,4.128489017486572,3.922548,4.484423,227
32,2021-01-01,3.99157,3.987879991531372,4.181209,3.807214,228
32,2021-02-01,3.62147,3.694929361343384,3.606365,3.99157,229
32,2021-03-01,4.384079,4.102034091949463,4.219276,3.62147,230
32,2021-04-01,4.727283,4.182821273803711,4.017535,4.384079,231
32,2021-05-01,4.835886,4.447628021240234,4.12316,4.727283,232
32,2021-06-01,5.215995,4.661215782165527,4.307849,4.835886,233
32,2021-07-01,5.113243,4.988846302032471,4.606572,5.215995,234
32,2021-08-01,5.05055,5.253256797790527,4.330279,5.113243,235
32,2021-09-01,4.849141,4.835496425628662,4.653314,5.05055,236
32,2021-10-01,5.01113,4.857404708862305,4.770568,4.849141,237
32,2021-11-01,4.794074,4.244616508483887,4.484423,5.01113,238
32,2021-12-01,4.248243,4.331154823303223,3.807214,4.794074,239
32,2022-01-01,4.000088,4.188819408416748,3.99157,4.248243,240
32,2022-02-01,3.819919,3.75571608543396,3.62147,4.000088,241
32,2022-03-01,4.608586,4.1636643409729,4.384079,3.819919,242
32,2022-04-01,4.619489,4.47296142578125,4.727283,4.608586,243
32,2022-05-01,4.748331,4.7838544845581055,4.835886,4.619489,244
32,2022-06-01,4.959831,5.0191731452941895,5.215995,4.748331,245
32,2022-07-01,4.646333,5.018543243408203,5.113243,4.959831,246
32,2022-08-01,4.91819,4.975959300994873,5.05055,4.646333,247
32,2022-09-01,4.843738,4.850520610809326,4.849141,4.91819,248
32,2022-10-01,4.988455,4.921518802642822,5.01113,4.843738,249
32,2022-11-01,4.552994,4.637454032897949,4.794074,4.988455,250
32,2022-12-01,3.801278,4.133986473083496,4.248243,4.552994,251
32,2023-01-01,3.944698,4.0196356773376465,4.000088,3.801278,252
32,2023-02-01,3.790015,3.772294521331787,3.819919,3.944698,253
32,2023-03-01,4.437854,4.374542713165283,4.608586,3.790015,254
32,2023-04-01,4.159577,4.607010364532471,4.619489,4.437854,255
32,2023-05-01,4.66929,4.383406162261963,4.748331,4.159577,256
32,2023-06-01,4.885369,4.830546855926514,4.959831,4.66929,257
32,2023-07-01,4.554875,4.955294132232666,4.646333,4.885369,258
32,2023-08-01,4.922082,4.702069282531738,4.91819,4.554875,259
32,2023-09-01,4.658772,4.779844284057617,4.843738,4.922082,260
32,2023-10-01,4.636644,4.975160121917725,4.988455,4.658772,261
32,2023-11-01,4.43514,4.5542802810668945,4.552994,4.636644,262
32,2023-12-01,4.019193,3.904531717300415,3.801278,4.43514,263
32,2024-01-01,2.9287,4.0129523277282715,3.944698,4.019193,264
32,2024-02-01,4.079527,3.483285665512085,3.790015,2.9287,265
32,2024-03-01,4.247788,4.325236797332764,4.437854,4.079527,266
32,2024-04-01,4.856398,4.373953342437744,4.159577,4.247788,267
32,2024-05-01,4.792705,4.768733024597168,4.66929,4.856398,268
32,2024-06-01,4.591827,4.987123012542725,4.885369,4.792705,269
32,2024-07-01,4.680488,4.684498310089111,4.554875,4.591827,270
32,2024-08-01,4.808145,4.796445369720459,4.922082,4.680488,271
32,2024-09-01,4.755109,4.704880237579346,4.658772,4.808145,272
32,2024-10-01,5.164575,4.693592071533203,4.636644,4.755109,273
32,2024-11-01,4.444677,4.478975772857666,4.43514,5.164575,274
32,2024-12-01,4.115346,4.073577404022217,4.019193,4.444677,275
33,2019-01-01,4.462615,4.358335018157959,4.719746,4.853012,204
33,2019-02-01,4.277246,4.932955265045166,4.097183,4.462615,205
33,2019-03-01,4.707949,4.642452716827393,5.207718,4.277246,206
33,2019-04-01,5.110419,4.666934490203857,5.026505,4.707949,207
33,2019-05-01,4.885364,5.014094829559326,5.543903,5.110419,208
33,2019-06-01,4.205474,5.095529079437256,5.078723,4.885364,209
33,2019-07-01,5.141259,4.727118968963623,5.195108,4.205474,210
33,2019-08-01,4.604516,5.034226417541504,5.257976,5.141259,211
33,2019-09-01,4.279617,4.4741339683532715,5.074106,4.604516,212
33,2019-10-01,4.430356,4.899239540100098,5.1277,4.279617,213
33,2019-11-01,3.527082,4.292333602905273,4.570604,4.430356,214
33,2019-12-01,4.171059,4.143487930297852,4.853012,3.527082,215
33,2020-01-01,4.431615,4.525519371032715,4.462615,4.171059,216
33,2020-02-01,4.437917,4.117989540100098,4.277246,4.431615,217
33,2020-03-01,4.978303,4.485476016998291,4.707949,4.437917,218
33,2020-04-01,3.913537,5.321969985961914,5.110419,4.978303,219
33,2020-05-01,3.206245,4.3248491287231445,4.885364,3.913537,220
33,2020-06-01,3.215098,3.2096848487854004,4.205474,3.206245,221
33,2020-07-01,3.546058,3.3737289905548096,5.141259,3.215098,222
33,2020-08-01,4.001449,3.6519649028778076,4.604516,3.546058,223
33,2020-09-01,4.060079,3.741008758544922,4.279617,4.001449,224
33,2020-10-01,3.936137,4.023771286010742,4.430356,4.060079,225
33,2020-11-01,3.694568,3.7148261070251465,3.527082,3.936137,226
33,2020-12-01,4.024987,3.9848952293395996,4.171059,3.694568,227
33,2021-01-01,4.490804,4.026830673217773,4.431615,4.024987,228
33,2021-02-01,3.979523,4.282736301422119,4.437917,4.490804,229
33,2021-03-01,5.052004,3.9564921855926514,4.978303,3.979523,230
33,2021-04-01,4.975507,4.688354015350342,3.913537,5.052004,231
33,2021-05-01,5.030888,5.1059184074401855,3.206245,4.975507,232
33,2021-06-01,4.938356,4.9736809730529785,3.215098,5.030888,233
33,2021-07-01,4.843251,4.706639766693115,3.546058,4.938356,234
33,2021-08-01,5.229236,4.71344518661499,4.001449,4.843251,235
33,2021-09-01,4.84578,5.001854419708252,4.060079,5.229236,236
33,2021-10-01,4.854938,4.670258045196533,3.936137,4.84578,237
33,2021-11-01,4.496644,4.566608905792236,3.694568,4.854938,238
33,2021-12-01,4.328814,4.725875377655029,4.024987,4.496644,239
33,2022-01-01,4.575635,4.241494655609131,4.490804,4.328814,240
33,2022-02-01,4.328808,4.4586615562438965,3.979523,4.575635,241
33,2022-03-01,4.774462,4.6584038734436035,5.052004,4.328808,242
33,2022-04-01,4.739687,4.46095085144043,4.975507,4.774462,243
33,2022-05-01,4.534227,4.743134021759033,5.030888,4.739687,244
33,2022-06-01,4.411225,4.770237445831299,4.938356,4.534227,245
33,2022-07-01,4.460849,4.616450786590576,4.843251,4.411225,246
33,2022-08-01,4.741205,4.261884689331055,5.229236,4.460849,247
33,2022-09-01,4.404005,4.37550687789917,4.84578,4.741205,248
33,2022-10-01,4.242919,4.379552364349365,4.854938,4.404005,249
33,2022-11-01,3.991428,4.247562408447266,4.496644,4.242919,250
33,2022-12-01,4.12418,4.131756782531738,4.328814,3.991428,251
33,2023-01-01,4.590175,4.50447940826416,4.575635,4.12418,252
33,2023-02-01,4.251708,4.349827289581299,4.328808,4.590175,253
33,2023-03-01,4.771186,4.860866069793701,4.774462,4.251708,254
33,2023-04-01,4.468845,4.516207218170166,4.739687,4.771186,255
33,2023-05-01,4.748511,4.584578990936279,4.534227,4.468845,256
33,2023-06-01,4.773584,4.4745917320251465,4.411225,4.748511,257
33,2023-07-01,4.26917,4.585413455963135,4.460849,4.773584,258
33,2023-08-01,4.652533,4.657259941101074,4.741205,4.26917,259
33,2023-09-01,4.370469,4.416340351104736,4.404005,4.652533,260
33,2023-10-01,4.459068,4.379366874694824,4.242919,4.370469,261
33,2023-11-01,4.371722,4.152698040008545,3.991428,4.459068,262
33,2023-12-01,4.447964,4.2263007164001465,4.12418,4.371722,263
33,2024-01-01,3.551799,4.524038314819336,4.590175,4.447964,264
33,2024-02-01,4.538362,3.9329330921173096,4.251708,3.551799,265
33,2024-03-01,4.608169,4.428354740142822,4.771186,4.538362,266
33,2024-04-01,4.628314,4.537105083465576,4.468845,4.608169,267
33,2024-05-01,4.418126,4.6011834144592285,4.748511,4.628314,268
33,2024-06-01,4.45609,4.479217052459717,4.773584,4.418126,269
33,2024-07-01,4.337333,4.60847806930542,4.26917,4.45609,270
33,2024-08-01,4.046734,4.368992328643799,4.652533,4.337333,271
33,2024-09-01,4.21092,4.050225734710693,4.370469,4.046734,272
33,2024-10-01,4.055075,4.261541366577148,4.459068,4.21092,273
33,2024-11-01,3.698386,4.071794509887695,4.371722,4.055075,274
33,2024-12-01,4.307786,4.023762226104736,4.447964,3.698386,275
34,2019-01-01,0.05916,0.07666409015655518,0.08,0.06884,204
34,2019-02-01,0.06624,0.07582554966211319,0.06432,0.05916,205
34,2019-03-01,0.06852,0.07978445291519165,0.08628,0.06624,206
34,2019-04-01,0.070224,0.08029916882514954,0.08156,0.06852,207
34,2019-05-01,0.07188,0.07967470586299896,0.0972,0.070224,208
34,2019-06-01,0.06076,0.07529434561729431,0.09552,0.07188,209
34,2019-07-01,0.09748,0.07279831171035767,0.108608,0.06076,210
34,2019-08-01,0.08748,0.08038946986198425,0.119256,0.09748,211
34,2019-09-01,0.0688,0.08593417704105377,0.08072,0.08748,212
34,2019-10-01,0.102016,0.06910274177789688,0.08384,0.0688,213
34,2019-11-01,0.0692,0.08106681704521179,0.06376,0.102016,214
34,2019-12-01,0.06772,0.08360621333122253,0.06884,0.0692,215
34,2020-01-01,0.09189,0.07432930171489716,0.05916,0.06772,216
34,2020-02-01,0.097302,0.08674280345439911,0.06624,0.09189,217
34,2020-03-01,0.085616,0.0919661596417427,0.06852,0.097302,218
34,2020-04-01,0.06528,0.09322099387645721,0.070224,0.085616,219
34,2020-05-01,0.05756,0.08799399435520172,0.07188,0.06528,220
34,2020-06-01,0.04512,0.05132318288087845,0.06076,0.05756,221
34,2020-07-01,0.0586,0.05390993133187294,0.09748,0.04512,222
34,2020-08-01,0.07224,0.07092747092247009,0.08748,0.0586,223
34,2020-09-01,0.07472,0.07052688300609589,0.0688,0.07224,224
34,2020-10-01,0.06456,0.08873321115970612,0.102016,0.07472,225
34,2020-11-01,0.05054,0.06924154609441757,0.0692,0.06456,226
34,2020-12-01,0.05792,0.05959067493677139,0.06772,0.05054,227
34,2021-01-01,0.063955,0.078925721347332,0.09189,0.05792,228
34,2021-02-01,0.061455,0.07559175789356232,0.097302,0.063955,229
34,2021-03-01,0.07337,0.07248544692993164,0.085616,0.061455,230
34,2021-04-01,0.07427,0.06627212464809418,0.06528,0.07337,231
34,2021-05-01,0.06087,0.06907240301370621,0.05756,0.07427,232
34,2021-06-01,0.066725,0.06575474888086319,0.04512,0.06087,233
34,2021-07-01,0.064465,0.06970429420471191,0.0586,0.066725,234
34,2021-08-01,0.06702,0.06756162643432617,0.07224,0.064465,235
34,2021-09-01,0.06837,0.07070276886224747,0.07472,0.06702,236
34,2021-10-01,0.073928,0.07180295884609222,0.06456,0.06837,237
34,2021-11-01,0.06212,0.06907319277524948,0.05054,0.073928,238
34,2021-12-01,0.066255,0.06475576013326645,0.05792,0.06212,239
34,2022-01-01,0.071765,0.063199482858181,0.063955,0.066255,240
34,2022-02-01,0.068595,0.07062280178070068,0.061455,0.071765,241
34,2022-03-01,0.080945,0.07374508678913116,0.07337,0.068595,242
34,2022-04-01,0.07618,0.07184700667858124,0.07427,0.080945,243
34,2022-05-01,0.08274,0.07480888813734055,0.06087,0.07618,244
34,2022-06-01,0.084525,0.07145988941192627,0.066725,0.08274,245
34,2022-07-01,0.06616,0.07800476253032684,0.064465,0.084525,246
34,2022-08-01,0.064635,0.06860139966011047,0.06702,0.06616,247
34,2022-09-01,0.07634,0.06481539458036423,0.06837,0.064635,248
34,2022-10-01,0.073335,0.0749930739402771,0.073928,0.07634,249
34,2022-11-01,0.0481,0.07127423584461212,0.06212,0.073335,250
34,2022-12-01,0.072355,0.056045498698949814,0.066255,0.0481,251
34,2023-01-01,0.05873,0.0695282369852066,0.071765,0.072355,252
34,2023-02-01,0.054575,0.0706264078617096,0.068595,0.05873,253
34,2023-03-01,0.068665,0.0577254556119442,0.080945,0.054575,254
34,2023-04-01,0.06817,0.07279960811138153,0.07618,0.068665,255
34,2023-05-01,0.065095,0.06466367840766907,0.08274,0.06817,256
34,2023-06-01,0.07264,0.07402823865413666,0.084525,0.065095,257
34,2023-07-01,0.060815,0.0705024003982544,0.06616,0.07264,258
34,2023-08-01,0.05839,0.06768875569105148,0.064635,0.060815,259
34,2023-09-01,0.06737,0.06618784368038177,0.07634,0.05839,260
34,2023-10-01,0.062555,0.06513796746730804,0.073335,0.06737,261
34,2023-11-01,0.05743,0.061855871230363846,0.0481,0.062555,262
34,2023-12-01,0.05296,0.056728918105363846,0.072355,0.05743,263
34,2024-01-01,0.04008,0.06176326423883438,0.05873,0.05296,264
34,2024-02-01,0.060055,0.03557524457573891,0.054575,0.04008,265
34,2024-03-01,0.050125,0.05720141530036926,0.068665,0.060055,266
34,2024-04-01,0.06117,0.05308191478252411,0.06817,0.050125,267
34,2024-05-01,0.05579,0.05705275386571884,0.065095,0.06117,268
34,2024-06-01,0.043735,0.05021556466817856,0.07264,0.05579,269
34,2024-07-01,0.051605,0.046544481068849564,0.060815,0.043735,270
34,2024-08-01,0.034995,0.05019964650273323,0.05839,0.051605,271
34,2024-09-01,0.0383,0.03962302580475807,0.06737,0.034995,272
34,2024-10-01,0.03182,0.04837236925959587,0.062555,0.0383,273
34,2024-11-01,0.031385,0.04249381646513939,0.05743,0.03182,274
34,2024-12-01,0.03028,0.04040786251425743,0.05296,0.031385,275
35,2019-01-01,0.200408,0.14069390296936035,0.129179,0.134014,204
35,2019-02-01,0.215423,0.18876706063747406,0.127242,0.200408,205
35,2019-03-01,0.18992,0.20472277700901031,0.165371,0.215423,206
35,2019-04-01,0.198311,0.1863539069890976,0.151014,0.18992,207
35,2019-05-01,0.18522,0.18180811405181885,0.167971,0.198311,208
35,2019-06-01,0.198091,0.20412398874759674,0.182624,0.18522,209
35,2019-07-01,0.234427,0.19743621349334717,0.203339,0.198091,210
35,2019-08-01,0.288273,0.20442013442516327,0.25203,0.234427,211
35,2019-09-01,0.274785,0.22765392065048218,0.211595,0.288273,212
35,2019-10-01,0.20824,0.23978692293167114,0.194713,0.274785,213
35,2019-11-01,0.162771,0.18613320589065552,0.178747,0.20824,214
35,2019-12-01,0.128401,0.14859211444854736,0.134014,0.162771,215
35,2020-01-01,0.186929,0.17014186084270477,0.200408,0.128401,216
35,2020-02-01,0.174258,0.21515147387981415,0.215423,0.186929,217
35,2020-03-01,0.259574,0.1814521700143814,0.18992,0.174258,218
35,2020-04-01,0.230984,0.25809982419013977,0.198311,0.259574,219
35,2020-05-01,0.208121,0.21213260293006897,0.18522,0.230984,220
35,2020-06-01,0.210326,0.21462765336036682,0.198091,0.208121,221
35,2020-07-01,0.235659,0.21487464010715485,0.234427,0.210326,222
35,2020-08-01,0.299761,0.24894937872886658,0.288273,0.235659,223
35,2020-09-01,0.354465,0.2904096841812134,0.274785,0.299761,224
35,2020-10-01,0.312511,0.26994070410728455,0.20824,0.354465,225
35,2020-11-01,0.216197,0.22400997579097748,0.162771,0.312511,226
35,2020-12-01,0.175239,0.1950685679912567,0.128401,0.216197,227
35,2021-01-01,0.146759,0.21149669587612152,0.186929,0.175239,228
35,2021-02-01,0.142001,0.1907096803188324,0.174258,0.146759,229
35,2021-03-01,0.216713,0.16844025254249573,0.259574,0.142001,230
35,2021-04-01,0.198542,0.24896615743637085,0.230984,0.216713,231
35,2021-05-01,0.264071,0.23418396711349487,0.208121,0.198542,232
35,2021-06-01,0.25144,0.25728902220726013,0.210326,0.264071,233
35,2021-07-01,0.251495,0.2717171907424927,0.235659,0.25144,234
35,2021-08-01,0.190377,0.27991268038749695,0.299761,0.251495,235
35,2021-09-01,0.173581,0.2591264545917511,0.354465,0.190377,236
35,2021-10-01,0.211784,0.14944608509540558,0.312511,0.173581,237
35,2021-11-01,0.160651,0.24263623356819153,0.216197,0.211784,238
35,2021-12-01,0.147743,0.17036207020282745,0.175239,0.160651,239
35,2022-01-01,0.141751,0.15123912692070007,0.146759,0.147743,240
35,2022-02-01,0.140937,0.14675600826740265,0.142001,0.141751,241
35,2022-03-01,0.148162,0.17103226482868195,0.216713,0.140937,242
35,2022-04-01,0.168748,0.17390772700309753,0.198542,0.148162,243
35,2022-05-01,0.19235,0.20056982338428497,0.264071,0.168748,244
35,2022-06-01,0.150525,0.21238408982753754,0.25144,0.19235,245
35,2022-07-01,0.133288,0.16225245594978333,0.251495,0.150525,246
35,2022-08-01,0.184003,0.1458192616701126,0.190377,0.133288,247
35,2022-09-01,0.175428,0.16930170357227325,0.173581,0.184003,248
35,2022-10-01,0.164659,0.17573916912078857,0.211784,0.175428,249
35,2022-11-01,0.148251,0.13351038098335266,0.160651,0.164659,250
35,2022-12-01,0.186134,0.13629598915576935,0.147743,0.148251,251
35,2023-01-01,0.125893,0.180430606007576,0.141751,0.186134,252
35,2023-02-01,0.137228,0.13225992023944855,0.140937,0.125893,253
35,2023-03-01,0.144063,0.14805884659290314,0.148162,0.137228,254
35,2023-04-01,0.15793,0.15551628172397614,0.168748,0.144063,255
35,2023-05-01,0.201352,0.16736137866973877,0.19235,0.15793,256
35,2023-06-01,0.210866,0.19485165178775787,0.150525,0.201352,257
35,2023-07-01,0.169804,0.19534198939800262,0.133288,0.210866,258
35,2023-08-01,0.126852,0.17206789553165436,0.184003,0.169804,259
35,2023-09-01,0.133541,0.14515475928783417,0.175428,0.126852,260
35,2023-10-01,0.119141,0.14551959931850433,0.164659,0.133541,261
35,2023-11-01,0.1202,0.13031704723834991,0.148251,0.119141,262
35,2023-12-01,0.109688,0.12404762953519821,0.186134,0.1202,263
35,2024-01-01,0.07628,0.11712644249200821,0.125893,0.109688,264
35,2024-02-01,0.09434,0.11015523225069046,0.137228,0.07628,265
35,2024-03-01,0.11833,0.10948216915130615,0.144063,0.09434,266
35,2024-04-01,0.126811,0.1281438171863556,0.15793,0.11833,267
35,2024-05-01,0.142417,0.15177853405475616,0.201352,0.126811,268
35,2024-06-01,0.129213,0.1500380039215088,0.210866,0.142417,269
35,2024-07-01,0.109513,0.12929309904575348,0.169804,0.129213,270
35,2024-08-01,0.175378,0.10964987426996231,0.126852,0.109513,271
35,2024-09-01,0.171741,0.15217731893062592,0.133541,0.175378,272
35,2024-10-01,0.223646,0.16313175857067108,0.119141,0.171741,273
35,2024-11-01,0.115696,0.2023172527551651,0.1202,0.223646,274
35,2024-12-01,0.238891,0.11865941435098648,0.109688,0.115696,275
36,2019-01-01,0.182208,0.19244384765625,0.181944,0.221452,204
36,2019-02-01,0.214584,0.19329947233200073,0.18696,0.182208,205
36,2019-03-01,0.21576,0.1989288032054901,0.17964,0.214584,206
36,2019-04-01,0.205252,0.2285141497850418,0.255132,0.21576,207
36,2019-05-01,0.232944,0.22339187562465668,0.24084,0.205252,208
36,2019-06-01,0.20044,0.22407971322536469,0.22616,0.232944,209
36,2019-07-01,0.205,0.21801817417144775,0.204408,0.20044,210
36,2019-08-01,0.21476,0.2189829796552658,0.21772,0.205,211
36,2019-09-01,0.234336,0.21055889129638672,0.20142,0.21476,212
36,2019-10-01,0.22464,0.225616455078125,0.238864,0.234336,213
36,2019-11-01,0.229828,0.21171820163726807,0.221664,0.22464,214
36,2019-12-01,0.2032,0.2064581662416458,0.221452,0.229828,215
36,2020-01-01,0.185862,0.19298504292964935,0.182208,0.2032,216
36,2020-02-01,0.217368,0.19910815358161926,0.214584,0.185862,217
36,2020-03-01,0.2104,0.22454003989696503,0.21576,0.217368,218
36,2020-04-01,0.18523,0.2266000360250473,0.205252,0.2104,219
36,2020-05-01,0.17062,0.21974623203277588,0.232944,0.18523,220
36,2020-06-01,0.201704,0.20313367247581482,0.20044,0.17062,221
36,2020-07-01,0.199176,0.19557708501815796,0.205,0.201704,222
36,2020-08-01,0.2198,0.20707575976848602,0.21476,0.199176,223
36,2020-09-01,0.21256,0.21033599972724915,0.234336,0.2198,224
36,2020-10-01,0.23672,0.21393732726573944,0.22464,0.21256,225
36,2020-11-01,0.24028,0.20558515191078186,0.229828,0.23672,226
36,2020-12-01,0.227308,0.20527416467666626,0.2032,0.24028,227
36,2021-01-01,0.189825,0.18602707982063293,0.185862,0.227308,228
36,2021-02-01,0.18351,0.2044142782688141,0.217368,0.189825,229
36,2021-03-01,0.225175,0.19910094141960144,0.2104,0.18351,230
36,2021-04-01,0.1866,0.20831581950187683,0.18523,0.225175,231
36,2021-05-01,0.191075,0.19659054279327393,0.17062,0.1866,232
36,2021-06-01,0.21181,0.20256610214710236,0.201704,0.191075,233
36,2021-07-01,0.166735,0.2056029886007309,0.199176,0.21181,234
36,2021-08-01,0.205715,0.2083476036787033,0.2198,0.166735,235
36,2021-09-01,0.19276,0.21373972296714783,0.21256,0.205715,236
36,2021-10-01,0.197335,0.20108456909656525,0.23672,0.19276,237
36,2021-11-01,0.20663,0.20532183349132538,0.24028,0.197335,238
36,2021-12-01,0.18851,0.20478427410125732,0.227308,0.20663,239
36,2022-01-01,0.167385,0.16576002538204193,0.189825,0.18851,240
36,2022-02-01,0.176625,0.19369514286518097,0.18351,0.167385,241
36,2022-03-01,0.250345,0.202489972114563,0.225175,0.176625,242
36,2022-04-01,0.19061,0.17966221272945404,0.1866,0.250345,243
36,2022-05-01,0.201725,0.21128927171230316,0.191075,0.19061,244
36,2022-06-01,0.201345,0.2048070728778839,0.21181,0.201725,245
36,2022-07-01,0.178945,0.18621765077114105,0.166735,0.201345,246
36,2022-08-01,0.19197,0.20084643363952637,0.205715,0.178945,247
36,2022-09-01,0.1906,0.20410002768039703,0.19276,0.19197,248
36,2022-10-01,0.185415,0.2020149827003479,0.197335,0.1906,249
36,2022-11-01,0.204655,0.20171527564525604,0.20663,0.185415,250
36,2022-12-01,0.16661,0.19243194162845612,0.18851,0.204655,251
36,2023-01-01,0.167035,0.16694584488868713,0.167385,0.16661,252
36,2023-02-01,0.15959,0.17785826325416565,0.176625,0.167035,253
36,2023-03-01,0.221065,0.18465091288089752,0.250345,0.15959,254
36,2023-04-01,0.19937,0.18230631947517395,0.19061,0.221065,255
36,2023-05-01,0.196945,0.2102823406457901,0.201725,0.19937,256
36,2023-06-01,0.206545,0.19751951098442078,0.201345,0.196945,257
36,2023-07-01,0.18698,0.18885692954063416,0.178945,0.206545,258
36,2023-08-01,0.210795,0.18259263038635254,0.19197,0.18698,259
36,2023-09-01,0.225855,0.19431047141551971,0.1906,0.210795,260
36,2023-10-01,0.204225,0.2013523429632187,0.185415,0.225855,261
36,2023-11-01,0.21054,0.20932629704475403,0.204655,0.204225,262
36,2023-12-01,0.21248,0.19863852858543396,0.16661,0.21054,263
36,2024-01-01,0.13421,0.18220873177051544,0.167035,0.21248,264
36,2024-02-01,0.20125,0.18261763453483582,0.15959,0.13421,265
36,2024-03-01,0.2082,0.2173309177160263,0.221065,0.20125,266
36,2024-04-01,0.214175,0.19876790046691895,0.19937,0.2082,267
36,2024-05-01,0.188575,0.21349811553955078,0.196945,0.214175,268
36,2024-06-01,0.198445,0.2071973979473114,0.206545,0.188575,269
36,2024-07-01,0.19081,0.18557624518871307,0.18698,0.198445,270
36,2024-08-01,0.1833,0.19941876828670502,0.210795,0.19081,271
36,2024-09-01,0.183875,0.21053022146224976,0.225855,0.1833,272
36,2024-10-01,0.208875,0.20205524563789368,0.204225,0.183875,273
36,2024-11-01,0.2123,0.19129560887813568,0.21054,0.208875,274
36,2024-12-01,0.19803,0.18331937491893768,0.21248,0.2123,275
37,2019-01-01,4.02445,4.073065757751465,4.192587,4.771567,204
37,2019-02-01,4.244064,4.6668477058410645,4.473368,4.02445,205
37,2019-03-01,4.779347,4.8137335777282715,5.057947,4.244064,206
37,2019-04-01,4.860448,4.664985179901123,4.668332,4.779347,207
37,2019-05-01,4.84471,4.681541442871094,4.791636,4.860448,208
37,2019-06-01,4.713018,4.710975170135498,4.593544,4.84471,209
37,2019-07-01,4.49964,4.249370574951172,4.147971,4.713018,210
37,2019-08-01,5.124826,4.520432472229004,4.743467,4.49964,211
37,2019-09-01,4.517056,4.759742736816406,4.370325,5.124826,212
37,2019-10-01,4.681166,4.959903240203857,5.087174,4.517056,213
37,2019-11-01,4.514857,4.8105058670043945,4.594844,4.681166,214
37,2019-12-01,4.515163,4.6905975341796875,4.771567,4.514857,215
37,2020-01-01,4.002471,4.317279815673828,4.02445,4.515163,216
37,2020-02-01,4.538345,4.388462066650391,4.244064,4.002471,217
37,2020-03-01,4.365287,4.811119079589844,4.779347,4.538345,218
37,2020-04-01,1.387625,4.653852939605713,4.860448,4.365287,219
37,2020-05-01,1.423743,2.4785807132720947,4.84471,1.387625,220
37,2020-06-01,3.514687,1.4292962551116943,4.713018,1.423743,221
37,2020-07-01,4.153088,3.0773181915283203,4.49964,3.514687,222
37,2020-08-01,4.415125,3.5873653888702393,5.124826,4.153088,223
37,2020-09-01,4.428776,4.201692581176758,4.517056,4.415125,224
37,2020-10-01,4.426394,4.130019187927246,4.681166,4.428776,225
37,2020-11-01,4.149297,4.221401691436768,4.514857,4.426394,226
37,2020-12-01,4.161072,4.049210548400879,4.515163,4.149297,227
37,2021-01-01,3.515086,3.7787835597991943,4.002471,4.161072,228
37,2021-02-01,3.267995,3.6743550300598145,4.538345,3.515086,229
37,2021-03-01,4.100018,3.664109945297241,4.365287,3.267995,230
37,2021-04-01,3.413405,3.8418493270874023,1.387625,4.100018,231
37,2021-05-01,3.383845,3.116459369659424,1.423743,3.413405,232
37,2021-06-01,3.632505,3.4611833095550537,3.514687,3.383845,233
37,2021-07-01,3.367354,3.738126277923584,4.153088,3.632505,234
37,2021-08-01,3.54527,3.7021191120147705,4.415125,3.367354,235
37,2021-09-01,3.122075,3.7285830974578857,4.428776,3.54527,236
37,2021-10-01,3.46188,3.5280516147613525,4.426394,3.122075,237
37,2021-11-01,3.578815,3.481931686401367,4.149297,3.46188,238
37,2021-12-01,3.633822,3.584397315979004,4.161072,3.578815,239
37,2022-01-01,3.255655,3.3195602893829346,3.515086,3.633822,240
37,2022-02-01,3.301335,3.281217575073242,3.267995,3.255655,241
37,2022-03-01,3.885019,3.4531490802764893,4.100018,3.301335,242
37,2022-04-01,3.749117,3.48050594329834,3.413405,3.885019,243
37,2022-05-01,3.830381,3.63066029548645,3.383845,3.749117,244
37,2022-06-01,3.694171,3.6551711559295654,3.632505,3.830381,245
37,2022-07-01,3.320439,3.6048014163970947,3.367354,3.694171,246
37,2022-08-01,3.86665,3.536794900894165,3.54527,3.320439,247
37,2022-09-01,3.712439,3.674422025680542,3.122075,3.86665,248
37,2022-10-01,3.852763,3.674757242202759,3.46188,3.712439,249
37,2022-11-01,3.84112,3.6586546897888184,3.578815,3.852763,250
37,2022-12-01,3.795931,3.680591106414795,3.633822,3.84112,251
37,2023-01-01,3.618197,3.566779851913452,3.255655,3.795931,252
37,2023-02-01,3.595065,3.6003317832946777,3.301335,3.618197,253
37,2023-03-01,4.144969,3.77156400680542,3.885019,3.595065,254
37,2023-04-01,3.922425,3.7030513286590576,3.749117,4.144969,255
37,2023-05-01,4.283628,3.8032736778259277,3.830381,3.922425,256
37,2023-06-01,4.253904,3.946662664413452,3.694171,4.283628,257
37,2023-07-01,3.80658,3.8835062980651855,3.320439,4.253904,258
37,2023-08-01,4.060141,3.9640390872955322,3.86665,3.80658,259
37,2023-09-01,4.103243,3.9452507495880127,3.712439,4.060141,260
37,2023-10-01,4.076408,3.99137282371521,3.852763,4.103243,261
37,2023-11-01,3.84069,4.064570426940918,3.84112,4.076408,262
37,2023-12-01,3.842477,3.9794504642486572,3.795931,3.84069,263
37,2024-01-01,2.830134,3.4885025024414062,3.618197,3.842477,264
37,2024-02-01,3.935542,3.2239603996276855,3.595065,2.830134,265
37,2024-03-01,4.076413,4.0117340087890625,4.144969,3.935542,266
37,2024-04-01,4.216516,3.8513312339782715,3.922425,4.076413,267
37,2024-05-01,4.383323,4.1499505043029785,4.283628,4.216516,268
37,2024-06-01,4.020375,4.3817620277404785,4.253904,4.383323,269
37,2024-07-01,3.581985,3.755880355834961,3.80658,4.020375,270
37,2024-08-01,3.977488,3.857666254043579,4.060141,3.581985,271
37,2024-09-01,4.114385,3.986157178878784,4.103243,3.977488,272
37,2024-10-01,4.200264,4.173766136169434,4.076408,4.114385,273
37,2024-11-01,3.812518,4.187849044799805,3.84069,4.200264,274
37,2024-12-01,3.746793,3.844912528991699,3.842477,3.812518,275
38,2019-01-01,0.01416,0.014830268919467926,0.0108,0.01192,204
38,2019-02-01,0.02116,0.012803460471332073,0.0136,0.01416,205
38,2019-03-01,0.01008,0.018835002556443214,0.01584,0.02116,206
38,2019-04-01,0.01076,0.01320474874228239,0.01852,0.01008,207
38,2019-05-01,0.007,0.012195051647722721,0.01644,0.01076,208
38,2019-06-01,0.01292,0.012094518169760704,0.0188,0.007,209
38,2019-07-01,0.01684,0.014636124484241009,0.01212,0.01292,210
38,2019-08-01,0.01176,0.013713124208152294,0.02568,0.01684,211
38,2019-09-01,0.0092,0.01623392291367054,0.01624,0.01176,212
38,2019-10-01,0.01616,0.010415114462375641,0.01624,0.0092,213
38,2019-11-01,0.01084,0.015309636481106281,0.00796,0.01616,214
38,2019-12-01,0.01456,0.011259304359555244,0.01192,0.01084,215
38,2020-01-01,0.011015,0.01571802608668804,0.01416,0.01456,216
38,2020-02-01,0.00848,0.012964555062353611,0.02116,0.011015,217
38,2020-03-01,0.01416,0.01274682767689228,0.01008,0.00848,218
38,2020-04-01,0.00832,0.014346045441925526,0.01076,0.01416,219
38,2020-05-01,0.01076,0.011235694400966167,0.007,0.00832,220
38,2020-06-01,0.01608,0.01133135799318552,0.01292,0.01076,221
38,2020-07-01,0.00572,0.010942092165350914,0.01684,0.01608,222
38,2020-08-01,0.01664,0.014212469570338726,0.01176,0.00572,223
38,2020-09-01,0.01672,0.012689531780779362,0.0092,0.01664,224
38,2020-10-01,0.02308,0.012442631646990776,0.01616,0.01672,225
38,2020-11-01,0.01544,0.0188150554895401,0.01084,0.02308,226
38,2020-12-01,0.01284,0.01340599823743105,0.01456,0.01544,227
38,2021-01-01,0.0145,0.012073617428541183,0.011015,0.01284,228
38,2021-02-01,0.01058,0.01123023871332407,0.00848,0.0145,229
38,2021-03-01,0.01468,0.013280047103762627,0.01416,0.01058,230
38,2021-04-01,0.01799,0.013128756545484066,0.00832,0.01468,231
38,2021-05-01,0.01501,0.015967775136232376,0.01076,0.01799,232
38,2021-06-01,0.01631,0.015566977672278881,0.01608,0.01501,233
38,2021-07-01,0.00787,0.01261628046631813,0.00572,0.01631,234
38,2021-08-01,0.015885,0.012968983501195908,0.01664,0.00787,235
38,2021-09-01,0.01595,0.01104455441236496,0.01672,0.015885,236
38,2021-10-01,0.01746,0.014885971322655678,0.02308,0.01595,237
38,2021-11-01,0.018495,0.016611993312835693,0.01544,0.01746,238
38,2021-12-01,0.01645,0.014658898115158081,0.01284,0.018495,239
38,2022-01-01,0.035285,0.01558433473110199,0.0145,0.01645,240
38,2022-02-01,0.02808,0.014754550531506538,0.01058,0.035285,241
38,2022-03-01,0.02891,0.02536773309111595,0.01468,0.02808,242
38,2022-04-01,0.018085,0.023601848632097244,0.01799,0.02891,243
38,2022-05-01,0.024205,0.020415397360920906,0.01501,0.018085,244
38,2022-06-01,0.021235,0.019769705832004547,0.01631,0.024205,245
38,2022-07-01,0.01939,0.025844145566225052,0.00787,0.021235,246
38,2022-08-01,0.03492,0.020290756598114967,0.015885,0.01939,247
38,2022-09-01,0.051635,0.03174038231372833,0.01595,0.03492,248
38,2022-10-01,0.03869,0.02998545579612255,0.01746,0.051635,249
38,2022-11-01,0.030725,0.0338638573884964,0.018495,0.03869,250
38,2022-12-01,0.042485,0.029221048578619957,0.01645,0.030725,251
38,2023-01-01,0.070145,0.02544497139751911,0.035285,0.042485,252
38,2023-02-01,0.079565,0.045611508190631866,0.02808,0.070145,253
38,2023-03-01,0.082025,0.07530536502599716,0.02891,0.079565,254
38,2023-04-01,0.05558,0.059880129992961884,0.018085,0.082025,255
38,2023-05-01,0.068005,0.06568804383277893,0.024205,0.05558,256
38,2023-06-01,0.061435,0.0694463849067688,0.021235,0.068005,257
38,2023-07-01,0.0568,0.062052492052316666,0.01939,0.061435,258
38,2023-08-01,0.05676,0.0731068029999733,0.03492,0.0568,259
38,2023-09-01,0.05915,0.06220509484410286,0.051635,0.05676,260
38,2023-10-01,0.06462,0.06358712911605835,0.03869,0.05915,261
38,2023-11-01,0.065105,0.06228647008538246,0.030725,0.06462,262
38,2023-12-01,0.06791,0.0640050619840622,0.042485,0.065105,263
38,2024-01-01,0.062,0.0742783397436142,0.070145,0.06791,264
38,2024-02-01,0.07414,0.06477238982915878,0.079565,0.062,265
38,2024-03-01,0.07255,0.06730172783136368,0.082025,0.07414,266
38,2024-04-01,0.08314,0.06793058663606644,0.05558,0.07255,267
38,2024-05-01,0.075495,0.07269472628831863,0.068005,0.08314,268
38,2024-06-01,0.05375,0.07008063793182373,0.061435,0.075495,269
38,2024-07-01,0.07402,0.06301400065422058,0.0568,0.05375,270
38,2024-08-01,0.07686,0.05799681320786476,0.05676,0.07402,271
38,2024-09-01,0.08274,0.06951628625392914,0.05915,0.07686,272
38,2024-10-01,0.087435,0.05910750851035118,0.06462,0.08274,273
38,2024-11-01,0.08077,0.07040420919656754,0.065105,0.087435,274
38,2024-12-01,0.08938,0.07482396066188812,0.06791,0.08077,275
39,2019-01-01,0.03772,0.05056125298142433,0.05108,0.0472,204
39,2019-02-01,0.0438,0.050537340342998505,0.05772,0.03772,205
39,2019-03-01,0.04244,0.057491764426231384,0.06188,0.0438,206
39,2019-04-01,0.05508,0.041301894932985306,0.05176,0.04244,207
39,2019-05-01,0.05432,0.0575491264462471,0.0666,0.05508,208
39,2019-06-01,0.05056,0.05809621140360832,0.05632,0.05432,209
39,2019-07-01,0.059,0.05628620833158493,0.06416,0.05056,210
39,2019-08-01,0.06052,0.058409180492162704,0.0626,0.059,211
39,2019-09-01,0.0522,0.0607106052339077,0.07096,0.06052,212
39,2019-10-01,0.0572,0.06294742971658707,0.06096,0.0522,213
39,2019-11-01,0.06004,0.05248887836933136,0.04052,0.0572,214
39,2019-12-01,0.04628,0.04864225164055824,0.0472,0.06004,215
39,2020-01-01,0.03648,0.04934277758002281,0.03772,0.04628,216
39,2020-02-01,0.0544,0.0416419692337513,0.0438,0.03648,217
39,2020-03-01,0.05132,0.05478654056787491,0.04244,0.0544,218
39,2020-04-01,0.03644,0.05524018779397011,0.05508,0.05132,219
39,2020-05-01,0.03196,0.046943698078393936,0.05432,0.03644,220
39,2020-06-01,0.04352,0.04404600337147713,0.05056,0.03196,221
39,2020-07-01,0.05552,0.047708313912153244,0.059,0.04352,222
39,2020-08-01,0.05052,0.055249739438295364,0.06052,0.05552,223
39,2020-09-01,0.06216,0.051884785294532776,0.0522,0.05052,224
39,2020-10-01,0.05356,0.05850556865334511,0.0572,0.06216,225
39,2020-11-01,0.04888,0.06194055452942848,0.06004,0.05356,226
39,2020-12-01,0.03744,0.04634788632392883,0.04628,0.04888,227
39,2021-01-01,0.05068,0.04283225163817406,0.03648,0.03744,228
39,2021-02-01,0.03164,0.04895343258976936,0.0544,0.05068,229
39,2021-03-01,0.0418,0.04561980068683624,0.05132,0.03164,230
39,2021-04-01,0.07015,0.046448420733213425,0.03644,0.0418,231
39,2021-05-01,0.03712,0.058547452092170715,0.03196,0.07015,232
39,2021-06-01,0.0416,0.053830813616514206,0.04352,0.03712,233
39,2021-07-01,0.04476,0.046599701046943665,0.05552,0.0416,234
39,2021-08-01,0.04936,0.044149115681648254,0.05052,0.04476,235
39,2021-09-01,0.11536,0.053056590259075165,0.06216,0.04936,236
39,2021-10-01,0.04388,0.07125090807676315,0.05356,0.11536,237
39,2021-11-01,0.04896,0.055408377200365067,0.04888,0.04388,238
39,2021-12-01,0.07416,0.0498628094792366,0.03744,0.04896,239
39,2022-01-01,0.04688,0.04246819019317627,0.05068,0.07416,240
39,2022-02-01,0.0444,0.04818911477923393,0.03164,0.04688,241
39,2022-03-01,0.04748,0.04968413710594177,0.0418,0.0444,242
39,2022-04-01,0.035,0.05809064581990242,0.07015,0.04748,243
39,2022-05-01,0.03964,0.04329698905348778,0.03712,0.035,244
39,2022-06-01,0.03931,0.05169106647372246,0.0416,0.03964,245
39,2022-07-01,0.04,0.041427262127399445,0.04476,0.03931,246
39,2022-08-01,0.04876,0.043977342545986176,0.04936,0.04,247
39,2022-09-01,0.0358,0.060450825840234756,0.11536,0.04876,248
39,2022-10-01,0.03604,0.04721897095441818,0.04388,0.0358,249
39,2022-11-01,0.04876,0.04660880193114281,0.04896,0.03604,250
39,2022-12-01,0.04852,0.04071762412786484,0.07416,0.04876,251
39,2023-01-01,0.03884,0.03856536000967026,0.04688,0.04852,252
39,2023-02-01,0.03628,0.043600309640169144,0.0444,0.03884,253
39,2023-03-01,0.03812,0.040384259074926376,0.04748,0.03628,254
39,2023-04-01,0.0222,0.0435604564845562,0.035,0.03812,255
39,2023-05-01,0.02816,0.024938801303505898,0.03964,0.0222,256
39,2023-06-01,0.04052,0.04609839618206024,0.03931,0.02816,257
39,2023-07-01,0.04272,0.04564906284213066,0.04,0.04052,258
39,2023-08-01,0.041755,0.04281323030591011,0.04876,0.04272,259
39,2023-09-01,0.03352,0.04894041270017624,0.0358,0.041755,260
39,2023-10-01,0.04608,0.03694845363497734,0.03604,0.03352,261
39,2023-11-01,0.03548,0.047798044979572296,0.04876,0.04608,262
39,2023-12-01,0.04412,0.042618248611688614,0.04852,0.03548,263
39,2024-01-01,0.03288,0.041254181414842606,0.03884,0.04412,264
39,2024-02-01,0.04092,0.04705309122800827,0.03628,0.03288,265
39,2024-03-01,0.04096,0.04187079891562462,0.03812,0.04092,266
39,2024-04-01,0.038,0.03699810057878494,0.0222,0.04096,267
39,2024-05-01,0.04191,0.033016037195920944,0.02816,0.038,268
39,2024-06-01,0.05264,0.040080923587083817,0.04052,0.04191,269
39,2024-07-01,0.05004,0.044426921755075455,0.04272,0.05264,270
39,2024-08-01,0.05264,0.0658002719283104,0.041755,0.05004,271
39,2024-09-01,0.041,0.05212756618857384,0.03352,0.05264,272
39,2024-10-01,0.04736,0.04315321519970894,0.04608,0.041,273
39,2024-11-01,0.0434,0.0423983670771122,0.03548,0.04736,274
39,2024-12-01,0.0394,0.04142821207642555,0.04412,0.0434,275
40,2019-01-01,3.734516,3.5860981941223145,3.329728,3.545701,204
40,2019-02-01,3.424839,3.669999599456787,3.42448,3.734516,205
40,2019-03-01,3.659428,3.7545456886291504,3.747956,3.424839,206
40,2019-04-01,3.921156,3.793119192123413,3.762847,3.659428,207
40,2019-05-01,3.594768,3.9776957035064697,3.779885,3.921156,208
40,2019-06-01,3.663708,3.907214403152466,3.900418,3.594768,209
40,2019-07-01,3.722296,3.7233712673187256,3.863365,3.663708,210
40,2019-08-01,4.104384,3.781773090362549,4.237003,3.722296,211
40,2019-09-01,3.688318,3.854846239089966,3.562198,4.104384,212
40,2019-10-01,3.51275,3.843535900115967,4.120199,3.688318,213
40,2019-11-01,3.47857,3.4232327938079834,3.810785,3.51275,214
40,2019-12-01,3.249772,3.368889570236206,3.545701,3.47857,215
40,2020-01-01,3.750967,3.1840784549713135,3.734516,3.249772,216
40,2020-02-01,3.719766,3.4733049869537354,3.424839,3.750967,217
40,2020-03-01,3.936512,4.045567989349365,3.659428,3.719766,218
40,2020-04-01,2.884976,3.9646148681640625,3.921156,3.936512,219
40,2020-05-01,3.000019,3.4181511402130127,3.594768,2.884976,220
40,2020-06-01,3.540878,3.1474242210388184,3.663708,3.000019,221
40,2020-07-01,3.610151,3.6566877365112305,3.722296,3.540878,222
40,2020-08-01,3.730367,3.6474268436431885,4.104384,3.610151,223
40,2020-09-01,4.01504,3.6795859336853027,3.688318,3.730367,224
40,2020-10-01,4.091104,3.6344265937805176,3.51275,4.01504,225
40,2020-11-01,3.549456,3.6214661598205566,3.47857,4.091104,226
40,2020-12-01,3.83821,3.3157026767730713,3.249772,3.549456,227
40,2021-01-01,4.018662,3.71809983253479,3.750967,3.83821,228
40,2021-02-01,3.595962,3.962596893310547,3.719766,4.018662,229
40,2021-03-01,4.1523,3.804644823074341,3.936512,3.595962,230
40,2021-04-01,4.380042,3.8159444332122803,2.884976,4.1523,231
40,2021-05-01,4.279358,4.094821453094482,3.000019,4.380042,232
40,2021-06-01,4.382942,4.196408271789551,3.540878,4.279358,233
40,2021-07-01,4.437779,4.428293228149414,3.610151,4.382942,234
40,2021-08-01,4.683987,4.253391742706299,3.730367,4.437779,235
40,2021-09-01,4.431645,4.694705963134766,4.01504,4.683987,236
40,2021-10-01,4.368183,4.460533618927002,4.091104,4.431645,237
40,2021-11-01,4.440303,4.100212574005127,3.549456,4.368183,238
40,2021-12-01,4.351938,4.204124450683594,3.83821,4.440303,239
40,2022-01-01,3.932596,4.504467964172363,4.018662,4.351938,240
40,2022-02-01,3.849186,4.326653957366943,3.595962,3.932596,241
40,2022-03-01,4.704561,4.11818790435791,4.1523,3.849186,242
40,2022-04-01,4.536115,4.505824089050293,4.380042,4.704561,243
40,2022-05-01,4.690053,4.47860860824585,4.279358,4.536115,244
40,2022-06-01,4.669665,4.679347991943359,4.382942,4.690053,245
40,2022-07-01,4.610574,4.550906181335449,4.437779,4.669665,246
40,2022-08-01,4.708089,4.32720947265625,4.683987,4.610574,247
40,2022-09-01,4.593307,4.441249847412109,4.431645,4.708089,248
40,2022-10-01,4.401485,4.83298397064209,4.368183,4.593307,249
40,2022-11-01,4.295188,4.016459941864014,4.440303,4.401485,250
40,2022-12-01,4.231189,4.165990829467773,4.351938,4.295188,251
40,2023-01-01,4.408449,4.1596198081970215,3.932596,4.231189,252
40,2023-02-01,4.334972,4.177265644073486,3.849186,4.408449,253
40,2023-03-01,4.831922,4.251668453216553,4.704561,4.334972,254
40,2023-04-01,4.625986,4.614941120147705,4.536115,4.831922,255
40,2023-05-01,4.958245,4.800357818603516,4.690053,4.625986,256
40,2023-06-01,4.747904,4.538609504699707,4.669665,4.958245,257
40,2023-07-01,4.556042,4.951266765594482,4.610574,4.747904,258
40,2023-08-01,4.80787,5.010736465454102,4.708089,4.556042,259
40,2023-09-01,4.59404,4.265511512756348,4.593307,4.80787,260
40,2023-10-01,4.767307,4.765310764312744,4.401485,4.59404,261
40,2023-11-01,4.663664,4.085021018981934,4.295188,4.767307,262
40,2023-12-01,4.486259,4.362436771392822,4.231189,4.663664,263
40,2024-01-01,3.486044,4.327460289001465,4.408449,4.486259,264
40,2024-02-01,4.464682,3.68135666847229,4.334972,3.486044,265
40,2024-03-01,4.518422,4.412566184997559,4.831922,4.464682,266
40,2024-04-01,4.745419,4.377614498138428,4.625986,4.518422,267
40,2024-05-01,4.933906,4.390847206115723,4.958245,4.745419,268
40,2024-06-01,4.700856,4.537774085998535,4.747904,4.933906,269
40,2024-07-01,4.753436,4.512935638427734,4.556042,4.700856,270
40,2024-08-01,4.988622,4.5304718017578125,4.80787,4.753436,271
40,2024-09-01,4.62675,4.560417175292969,4.59404,4.988622,272
40,2024-10-01,5.066204,4.561877727508545,4.767307,4.62675,273
40,2024-11-01,4.53767,4.642420768737793,4.663664,5.066204,274
40,2024-12-01,4.643488,4.404202461242676,4.486259,4.53767,275
41,2019-01-01,0.13414,0.16153423488140106,0.151289,0.129732,204
41,2019-02-01,0.1561,0.1663649082183838,0.155556,0.13414,205
41,2019-03-01,0.158289,0.15732216835021973,0.1669,0.1561,206
41,2019-04-01,0.154682,0.15725873410701752,0.197487,0.158289,207
41,2019-05-01,0.150592,0.15901301801204681,0.199655,0.154682,208
41,2019-06-01,0.167956,0.14619261026382446,0.191099,0.150592,209
41,2019-07-01,0.132919,0.16911931335926056,0.19302,0.167956,210
41,2019-08-01,0.155688,0.1634076088666916,0.264368,0.132919,211
41,2019-09-01,0.194148,0.17205722630023956,0.231281,0.155688,212
41,2019-10-01,0.176364,0.20799972116947174,0.238331,0.194148,213
41,2019-11-01,0.144163,0.16485300660133362,0.144264,0.176364,214
41,2019-12-01,0.12274,0.139634370803833,0.129732,0.144163,215
41,2020-01-01,0.133695,0.12578275799751282,0.13414,0.12274,216
41,2020-02-01,0.170394,0.16555985808372498,0.1561,0.133695,217
41,2020-03-01,0.177534,0.15771988034248352,0.158289,0.170394,218
41,2020-04-01,0.139476,0.19330696761608124,0.154682,0.177534,219
41,2020-05-01,0.138628,0.14923729002475739,0.150592,0.139476,220
41,2020-06-01,0.245142,0.14744387567043304,0.167956,0.138628,221
41,2020-07-01,0.195109,0.17611876130104065,0.132919,0.245142,222
41,2020-08-01,0.225574,0.19837112724781036,0.155688,0.195109,223
41,2020-09-01,0.171468,0.20673106610774994,0.194148,0.225574,224
41,2020-10-01,0.155191,0.17511388659477234,0.176364,0.171468,225
41,2020-11-01,0.11406,0.13252943754196167,0.144163,0.155191,226
41,2020-12-01,0.152113,0.13875603675842285,0.12274,0.11406,227
41,2021-01-01,0.11393,0.14632642269134521,0.133695,0.152113,228
41,2021-02-01,0.114375,0.162726491689682,0.170394,0.11393,229
41,2021-03-01,0.145829,0.14925819635391235,0.177534,0.114375,230
41,2021-04-01,0.126908,0.14052188396453857,0.139476,0.145829,231
41,2021-05-01,0.119744,0.12557080388069153,0.138628,0.126908,232
41,2021-06-01,0.120731,0.15573611855506897,0.245142,0.119744,233
41,2021-07-01,0.1773,0.13003896176815033,0.195109,0.120731,234
41,2021-08-01,0.134728,0.183717742562294,0.225574,0.1773,235
41,2021-09-01,0.134374,0.13674411177635193,0.171468,0.134728,236
41,2021-10-01,0.120907,0.16544194519519806,0.155191,0.134374,237
41,2021-11-01,0.126184,0.1240691989660263,0.11406,0.120907,238
41,2021-12-01,0.09594,0.13359209895133972,0.152113,0.126184,239
41,2022-01-01,0.120723,0.1327218860387802,0.11393,0.09594,240
41,2022-02-01,0.106734,0.12298254668712616,0.114375,0.120723,241
41,2022-03-01,0.130652,0.12885962426662445,0.145829,0.106734,242
41,2022-04-01,0.115055,0.11461097747087479,0.126908,0.130652,243
41,2022-05-01,0.1362,0.12579776346683502,0.119744,0.115055,244
41,2022-06-01,0.135752,0.12776313722133636,0.120731,0.1362,245
41,2022-07-01,0.122128,0.12927328050136566,0.1773,0.135752,246
41,2022-08-01,0.117619,0.1293286383152008,0.134728,0.122128,247
41,2022-09-01,0.155842,0.11626630276441574,0.134374,0.117619,248
41,2022-10-01,0.101851,0.13316291570663452,0.120907,0.155842,249
41,2022-11-01,0.137147,0.10844051092863083,0.126184,0.101851,250
41,2022-12-01,0.10043,0.11015225946903229,0.09594,0.137147,251
41,2023-01-01,0.108622,0.11884263902902603,0.120723,0.10043,252
41,2023-02-01,0.111153,0.12629202008247375,0.106734,0.108622,253
41,2023-03-01,0.120913,0.14470621943473816,0.130652,0.111153,254
41,2023-04-01,0.137225,0.12600374221801758,0.115055,0.120913,255
41,2023-05-01,0.171869,0.12362886965274811,0.1362,0.137225,256
41,2023-06-01,0.192695,0.1457032412290573,0.135752,0.171869,257
41,2023-07-01,0.1227,0.1656513214111328,0.122128,0.192695,258
41,2023-08-01,0.143388,0.13454970717430115,0.117619,0.1227,259
41,2023-09-01,0.14126,0.15217521786689758,0.155842,0.143388,260
41,2023-10-01,0.101552,0.13256974518299103,0.101851,0.14126,261
41,2023-11-01,0.108019,0.14441029727458954,0.137147,0.101552,262
41,2023-12-01,0.068986,0.12497343122959137,0.10043,0.108019,263
41,2024-01-01,0.056521,0.11203967779874802,0.108622,0.068986,264
41,2024-02-01,0.108574,0.09288737177848816,0.111153,0.056521,265
41,2024-03-01,0.134535,0.11483903974294662,0.120913,0.108574,266
41,2024-04-01,0.099395,0.13694141805171967,0.137225,0.134535,267
41,2024-05-01,0.116718,0.1477472186088562,0.171869,0.099395,268
41,2024-06-01,0.130874,0.1332341581583023,0.192695,0.116718,269
41,2024-07-01,0.171221,0.14323973655700684,0.1227,0.130874,270
41,2024-08-01,0.160114,0.143935427069664,0.143388,0.171221,271
41,2024-09-01,0.110734,0.12054777890443802,0.14126,0.160114,272
41,2024-10-01,0.111235,0.12298396229743958,0.101552,0.110734,273
41,2024-11-01,0.125104,0.11542951315641403,0.108019,0.111235,274
41,2024-12-01,0.180602,0.10633297264575958,0.068986,0.125104,275
42,2019-01-01,0.6162,0.4815669357776642,0.69612,0.58768,204
42,2019-02-01,0.51824,0.5763357877731323,0.4516,0.6162,205
42,2019-03-01,0.52988,0.516232967376709,0.46344,0.51824,206
42,2019-04-01,0.51569,0.5566620826721191,0.45896,0.52988,207
42,2019-05-01,0.52684,0.5559252500534058,0.4708,0.51569,208
42,2019-06-01,0.52916,0.4922751784324646,0.51536,0.52684,209
42,2019-07-01,0.602795,0.5124171376228333,0.59152,0.52916,210
42,2019-08-01,0.596572,0.5552432537078857,0.55748,0.602795,211
42,2019-09-01,0.55936,0.5706900358200073,0.5012,0.596572,212
42,2019-10-01,0.55456,0.5549190044403076,0.64204,0.55936,213
42,2019-11-01,0.47456,0.5215179324150085,0.53044,0.55456,214
42,2019-12-01,0.48684,0.6879416108131409,0.58768,0.47456,215
42,2020-01-01,0.697255,1.0833865404129028,0.6162,0.48684,216
42,2020-02-01,0.383455,0.49375104904174805,0.51824,0.697255,217
42,2020-03-01,0.32644,0.36523228883743286,0.52988,0.383455,218
42,2020-04-01,0.41501,0.3211943805217743,0.51569,0.32644,219
42,2020-05-01,0.42404,0.8868151903152466,0.52684,0.41501,220
42,2020-06-01,0.4654,0.32784050703048706,0.52916,0.42404,221
42,2020-07-01,0.488345,0.3343798518180847,0.602795,0.4654,222
42,2020-08-01,0.5362,0.9072175025939941,0.596572,0.488345,223
42,2020-09-01,0.56468,0.4359580874443054,0.55936,0.5362,224
42,2020-10-01,0.65064,0.4595571458339691,0.55456,0.56468,225
42,2020-11-01,0.6236,0.5313279032707214,0.47456,0.65064,226
42,2020-12-01,0.61172,0.5397319793701172,0.48684,0.6236,227
42,2021-01-01,0.411805,0.5395091772079468,0.697255,0.61172,228
42,2021-02-01,0.40219,0.24790193140506744,0.383455,0.411805,229
42,2021-03-01,0.49094,0.26011741161346436,0.32644,0.40219,230
42,2021-04-01,0.64101,0.8893930315971375,0.41501,0.49094,231
42,2021-05-01,0.551215,0.5412918925285339,0.42404,0.64101,232
42,2021-06-01,0.59836,0.5473212003707886,0.4654,0.551215,233
42,2021-07-01,0.685085,0.5779343843460083,0.488345,0.59836,234
42,2021-08-01,0.52894,0.5893133282661438,0.5362,0.685085,235
42,2021-09-01,0.519465,0.5205309391021729,0.56468,0.52894,236
42,2021-10-01,0.62307,0.5668246150016785,0.65064,0.519465,237
42,2021-11-01,0.46613,0.5438817739486694,0.6236,0.62307,238
42,2021-12-01,0.40694,0.5025871992111206,0.61172,0.46613,239
42,2022-01-01,0.070365,0.41066789627075195,0.411805,0.40694,240
42,2022-02-01,0.017165,0.27763399481773376,0.40219,0.070365,241
42,2022-03-01,0.020725,0.24424953758716583,0.49094,0.017165,242
42,2022-04-01,0.02103,0.4250122904777527,0.64101,0.020725,243
42,2022-05-01,0.01961,0.0730801671743393,0.551215,0.02103,244
42,2022-06-01,0.011695,0.07738256454467773,0.59836,0.01961,245
42,2022-07-01,0.014275,0.09439124912023544,0.685085,0.011695,246
42,2022-08-01,0.01294,0.08665161579847336,0.52894,0.014275,247
42,2022-09-01,0.0155,0.06285185366868973,0.519465,0.01294,248
42,2022-10-01,0.008935,0.24007847905158997,0.62307,0.0155,249
42,2022-11-01,0.011965,0.16012881696224213,0.46613,0.008935,250
42,2022-12-01,0.010335,0.0202840156853199,0.40694,0.011965,251
42,2023-01-01,0.24689,0.19648626446723938,0.070365,0.010335,252
42,2023-02-01,0.20992,0.38008734583854675,0.017165,0.24689,253
42,2023-03-01,0.22707,0.1116766557097435,0.020725,0.20992,254
42,2023-04-01,0.205695,0.12955845892429352,0.02103,0.22707,255
42,2023-05-01,0.25548,0.16658712923526764,0.01961,0.205695,256
42,2023-06-01,0.2496,0.23726095259189606,0.011695,0.25548,257
42,2023-07-01,0.25216,0.2433861494064331,0.014275,0.2496,258
42,2023-08-01,0.26378,0.24158607423305511,0.01294,0.25216,259
42,2023-09-01,0.24169,0.2590106427669525,0.0155,0.26378,260
42,2023-10-01,0.279545,0.3255249261856079,0.008935,0.24169,261
42,2023-11-01,0.271505,0.2724957764148712,0.011965,0.279545,262
42,2023-12-01,0.26443,0.2627656161785126,0.010335,0.271505,263
42,2024-01-01,0.193455,0.3660154342651367,0.24689,0.26443,264
42,2024-02-01,0.259715,0.26241928339004517,0.20992,0.193455,265
42,2024-03-01,0.24535,0.20525619387626648,0.22707,0.259715,266
42,2024-04-01,0.26736,0.2483406662940979,0.205695,0.24535,267
42,2024-05-01,0.254735,0.22158141434192657,0.25548,0.26736,268
42,2024-06-01,0.23543,0.23860159516334534,0.2496,0.254735,269
42,2024-07-01,0.27243,0.22162185609340668,0.25216,0.23543,270
42,2024-08-01,0.272655,0.2392163723707199,0.26378,0.27243,271
42,2024-09-01,0.28015,0.24314233660697937,0.24169,0.272655,272
42,2024-10-01,0.26777,0.27587056159973145,0.279545,0.28015,273
42,2024-11-01,0.275325,0.2538403868675232,0.271505,0.26777,274
42,2024-12-01,0.298545,0.2666519284248352,0.26443,0.275325,275
44,2019-01-01,0.4024,0.4066590964794159,0.39936,0.48452,204
44,2019-02-01,0.42888,0.4341771602630615,0.43016,0.4024,205
44,2019-03-01,0.47268,0.47559860348701477,0.49596,0.42888,206
44,2019-04-01,0.459,0.4871147871017456,0.47568,0.47268,207
44,2019-05-01,0.45244,0.4803822636604309,0.47908,0.459,208
44,2019-06-01,0.42,0.4632008969783783,0.50148,0.45244,209
44,2019-07-01,0.4548,0.44166967272758484,0.44572,0.42,210
44,2019-08-01,0.434,0.45678699016571045,0.44136,0.4548,211
44,2019-09-01,0.3834,0.4440648555755615,0.424,0.434,212
44,2019-10-01,0.41608,0.44855576753616333,0.448932,0.3834,213
44,2019-11-01,0.39656,0.43722397089004517,0.45104,0.41608,214
44,2019-12-01,0.40224,0.4243895411491394,0.48452,0.39656,215
44,2020-01-01,0.391,0.38070690631866455,0.4024,0.40224,216
44,2020-02-01,0.37284,0.4174482822418213,0.42888,0.391,217
44,2020-03-01,0.35816,0.41797691583633423,0.47268,0.37284,218
44,2020-04-01,0.37536,0.3511672616004944,0.459,0.35816,219
44,2020-05-01,0.41288,0.37352538108825684,0.45244,0.37536,220
44,2020-06-01,0.40676,0.39521580934524536,0.42,0.41288,221
44,2020-07-01,0.36468,0.39758244156837463,0.4548,0.40676,222
44,2020-08-01,0.36364,0.3704930245876312,0.434,0.36468,223
44,2020-09-01,0.3642,0.36974215507507324,0.3834,0.36364,224
44,2020-10-01,0.35008,0.36983421444892883,0.41608,0.3642,225
44,2020-11-01,0.29988,0.36042696237564087,0.39656,0.35008,226
44,2020-12-01,0.37164,0.30257996916770935,0.40224,0.29988,227
44,2021-01-01,0.32239,0.33777356147766113,0.391,0.37164,228
44,2021-02-01,0.33,0.3318658769130707,0.37284,0.32239,229
44,2021-03-01,0.36988,0.34595468640327454,0.35816,0.33,230
44,2021-04-01,0.353675,0.3579108715057373,0.37536,0.36988,231
44,2021-05-01,0.37524,0.35040104389190674,0.41288,0.353675,232
44,2021-06-01,0.37791,0.3830455541610718,0.40676,0.37524,233
44,2021-07-01,0.37688,0.3732966184616089,0.36468,0.37791,234
44,2021-08-01,0.35752,0.37411028146743774,0.36364,0.37688,235
44,2021-09-01,0.33508,0.34527382254600525,0.3642,0.35752,236
44,2021-10-01,0.372455,0.3310306668281555,0.35008,0.33508,237
44,2021-11-01,0.352495,0.342755526304245,0.29988,0.372455,238
44,2021-12-01,0.43472,0.34315353631973267,0.37164,0.352495,239
44,2022-01-01,0.33192,0.3494766056537628,0.32239,0.43472,240
44,2022-02-01,0.32488,0.3446832001209259,0.33,0.33192,241
44,2022-03-01,0.38416,0.35070177912712097,0.36988,0.32488,242
44,2022-04-01,0.363,0.3759887218475342,0.353675,0.38416,243
44,2022-05-01,0.3516,0.3687717616558075,0.37524,0.363,244
44,2022-06-01,0.37405,0.3584458529949188,0.37791,0.3516,245
44,2022-07-01,0.32584,0.36286938190460205,0.37688,0.37405,246
44,2022-08-01,0.34872,0.34942206740379333,0.35752,0.32584,247
44,2022-09-01,0.30228,0.3461393713951111,0.33508,0.34872,248
44,2022-10-01,0.32226,0.3434852957725525,0.372455,0.30228,249
44,2022-11-01,0.30821,0.33160603046417236,0.352495,0.32226,250
44,2022-12-01,0.39176,0.367674320936203,0.43472,0.30821,251
44,2023-01-01,0.29496,0.3288552165031433,0.33192,0.39176,252
44,2023-02-01,0.29244,0.3177190124988556,0.32488,0.29496,253
44,2023-03-01,0.30148,0.3298235237598419,0.38416,0.29244,254
44,2023-04-01,0.3072,0.31938689947128296,0.363,0.30148,255
44,2023-05-01,0.3224,0.33553242683410645,0.3516,0.3072,256
44,2023-06-01,0.34288,0.3457440733909607,0.37405,0.3224,257
44,2023-07-01,0.28796,0.3253738284111023,0.32584,0.34288,258
44,2023-08-01,0.272035,0.2819521427154541,0.34872,0.28796,259
44,2023-09-01,0.3086,0.26549631357192993,0.30228,0.272035,260
44,2023-10-01,0.2576,0.32070642709732056,0.32226,0.3086,261
44,2023-11-01,0.34332,0.26094353199005127,0.30821,0.2576,262
44,2023-12-01,0.35848,0.33576852083206177,0.39176,0.34332,263
44,2024-01-01,0.28452,0.32360807061195374,0.29496,0.35848,264
44,2024-02-01,0.31592,0.2703157067298889,0.29244,0.28452,265
44,2024-03-01,0.32448,0.3120003640651703,0.30148,0.31592,266
44,2024-04-01,0.29912,0.3123541474342346,0.3072,0.32448,267
44,2024-05-01,0.29252,0.30821549892425537,0.3224,0.29912,268
44,2024-06-01,0.331,0.3102150857448578,0.34288,0.29252,269
44,2024-07-01,0.30552,0.3266097903251648,0.28796,0.331,270
44,2024-08-01,0.28892,0.32707375288009644,0.272035,0.30552,271
44,2024-09-01,0.27172,0.29569873213768005,0.3086,0.28892,272
44,2024-10-01,0.29448,0.29055672883987427,0.2576,0.27172,273
44,2024-11-01,0.3124,0.29440784454345703,0.34332,0.29448,274
44,2024-12-01,0.363,0.35131603479385376,0.35848,0.3124,275
46,2019-01-01,11.3864,11.190099716186523,11.24756,12.25156,204
46,2019-02-01,10.266012,11.643945693969727,11.09596,11.3864,205
46,2019-03-01,10.828,11.211224555969238,11.57764,10.266012,206
46,2019-04-01,11.32,11.16804027557373,11.651827,10.828,207
46,2019-05-01,11.29044,11.27182674407959,12.55048,11.32,208
46,2019-06-01,10.51264,11.581031799316406,11.753924,11.29044,209
46,2019-07-01,11.09072,11.177319526672363,11.8208,10.51264,210
46,2019-08-01,11.34356,11.579421997070312,11.9722,11.09072,211
46,2019-09-01,10.39248,10.74074649810791,10.989532,11.34356,212
46,2019-10-01,11.47272,11.304182052612305,11.9594,10.39248,213
46,2019-11-01,10.26864,11.363344192504883,11.59988,11.47272,214
46,2019-12-01,10.223,10.838553428649902,12.25156,10.26864,215
46,2020-01-01,11.13587,9.870508193969727,11.3864,10.223,216
46,2020-02-01,9.56019,10.320746421813965,10.266012,11.13587,217
46,2020-03-01,9.77984,10.063045501708984,10.828,9.56019,218
46,2020-04-01,9.49224,10.85983943939209,11.32,9.77984,219
46,2020-05-01,9.5692,9.648225784301758,11.29044,9.49224,220
46,2020-06-01,10.3732,9.893802642822266,10.51264,9.5692,221
46,2020-07-01,10.5374,10.215901374816895,11.09072,10.3732,222
46,2020-08-01,10.99468,10.290911674499512,11.34356,10.5374,223
46,2020-09-01,11.203708,10.478449821472168,10.39248,10.99468,224
46,2020-10-01,11.28868,10.75833511352539,11.47272,11.203708,225
46,2020-11-01,10.94536,11.004685401916504,10.26864,11.28868,226
46,2020-12-01,11.28468,10.558752059936523,10.223,10.94536,227
46,2021-01-01,10.089125,10.678812980651855,11.13587,11.28468,228
46,2021-02-01,9.467475,10.499804496765137,9.56019,10.089125,229
46,2021-03-01,11.92615,10.24109172821045,9.77984,9.467475,230
46,2021-04-01,11.19317,11.016910552978516,9.49224,11.92615,231
46,2021-05-01,10.570685,11.127178192138672,9.5692,11.19317,232
46,2021-06-01,11.54867,11.502351760864258,10.3732,10.570685,233
46,2021-07-01,10.374035,11.09240436553955,10.5374,11.54867,234
46,2021-08-01,10.46408,10.967707633972168,10.99468,10.374035,235
46,2021-09-01,10.13301,10.926224708557129,11.203708,10.46408,236
46,2021-10-01,10.15011,11.049968719482422,11.28868,10.13301,237
46,2021-11-01,12.266875,10.096993446350098,10.94536,10.15011,238
46,2021-12-01,9.95708,10.793713569641113,11.28468,12.266875,239
46,2022-01-01,9.158335,9.5735502243042,10.089125,9.95708,240
46,2022-02-01,9.468545,9.683104515075684,9.467475,9.158335,241
46,2022-03-01,10.893445,10.277291297912598,11.92615,9.468545,242
46,2022-04-01,9.82258,10.560615539550781,11.19317,10.893445,243
46,2022-05-01,10.86298,9.816508293151855,10.570685,9.82258,244
46,2022-06-01,10.40296,10.90034008026123,11.54867,10.86298,245
46,2022-07-01,9.919285,10.590558052062988,10.374035,10.40296,246
46,2022-08-01,10.904135,10.438994407653809,10.46408,9.919285,247
46,2022-09-01,9.69896,10.483804702758789,10.13301,10.904135,248
46,2022-10-01,9.859235,10.067740440368652,10.15011,9.69896,249
46,2022-11-01,9.60075,10.812562942504883,12.266875,9.859235,250
46,2022-12-01,9.075935,9.879319190979004,9.95708,9.60075,251
46,2023-01-01,8.91084,8.962360382080078,9.158335,9.075935,252
46,2023-02-01,8.588125,8.660282135009766,9.468545,8.91084,253
46,2023-03-01,9.23357,9.402175903320312,10.893445,8.588125,254
46,2023-04-01,8.83504,9.476231575012207,9.82258,9.23357,255
46,2023-05-01,9.591955,9.562212944030762,10.86298,8.83504,256
46,2023-06-01,9.40212,9.621789932250977,10.40296,9.591955,257
46,2023-07-01,8.842815,9.475600242614746,9.919285,9.40212,258
46,2023-08-01,9.047555,9.569036483764648,10.904135,8.842815,259
46,2023-09-01,9.73962,9.201805114746094,9.69896,9.047555,260
46,2023-10-01,10.02006,9.473142623901367,9.859235,9.73962,261
46,2023-11-01,9.7902,9.62489128112793,9.60075,10.02006,262
46,2023-12-01,9.634045,9.907120704650879,9.075935,9.7902,263
46,2024-01-01,7.219495,8.93646240234375,8.91084,9.634045,264
46,2024-02-01,9.8566,8.541824340820312,8.588125,7.219495,265
46,2024-03-01,9.713975,9.615492820739746,9.23357,9.8566,266
46,2024-04-01,10.233695,9.503959655761719,8.83504,9.713975,267
46,2024-05-01,10.11367,10.373080253601074,9.591955,10.233695,268
46,2024-06-01,9.724475,10.22020435333252,9.40212,10.11367,269
46,2024-07-01,10.50625,9.815545082092285,8.842815,9.724475,270
46,2024-08-01,10.40095,10.219453811645508,9.047555,10.50625,271
46,2024-09-01,10.122635,10.18095874786377,9.73962,10.40095,272
46,2024-10-01,10.850675,10.504030227661133,10.02006,10.122635,273
46,2024-11-01,10.2494,10.462718963623047,9.7902,10.850675,274
46,2024-12-01,10.604335,10.191720962524414,9.634045,10.2494,275
47,2019-01-01,0.11388,0.10733359307050705,0.09828,0.14872,204
47,2019-02-01,0.11684,0.09256495535373688,0.1216,0.11388,205
47,2019-03-01,0.14424,0.11873309314250946,0.13592,0.11684,206
47,2019-04-01,0.1246,0.13607269525527954,0.13536,0.14424,207
47,2019-05-01,0.13768,0.1340968757867813,0.13028,0.1246,208
47,2019-06-01,0.15176,0.14220774173736572,0.13784,0.13768,209
47,2019-07-01,0.14236,0.13582609593868256,0.14132,0.15176,210
47,2019-08-01,0.14644,0.14192573726177216,0.151,0.14236,211
47,2019-09-01,0.1304,0.14060960710048676,0.1456,0.14644,212
47,2019-10-01,0.14484,0.13570915162563324,0.13028,0.1304,213
47,2019-11-01,0.14964,0.1398981511592865,0.12392,0.14484,214
47,2019-12-01,0.21124,0.14471553266048431,0.14872,0.14964,215
47,2020-01-01,0.12688,0.1152864322066307,0.11388,0.21124,216
47,2020-02-01,0.12332,0.1340070217847824,0.11684,0.12688,217
47,2020-03-01,0.11572,0.12485925853252411,0.14424,0.12332,218
47,2020-04-01,0.14704,0.12385425716638565,0.1246,0.11572,219
47,2020-05-01,0.1896,0.1530204564332962,0.13768,0.14704,220
47,2020-06-01,0.21468,0.17537739872932434,0.15176,0.1896,221
47,2020-07-01,0.23324,0.14651170372962952,0.14236,0.21468,222
47,2020-08-01,0.25964,0.19471287727355957,0.14644,0.23324,223
47,2020-09-01,0.25784,0.20958685874938965,0.1304,0.25964,224
47,2020-10-01,0.25328,0.2514437437057495,0.14484,0.25784,225
47,2020-11-01,0.25892,0.25358226895332336,0.14964,0.25328,226
47,2020-12-01,0.31716,0.2478918582201004,0.21124,0.25892,227
47,2021-01-01,0.25732,0.2603053152561188,0.12688,0.31716,228
47,2021-02-01,0.23848,0.2663327753543854,0.12332,0.25732,229
47,2021-03-01,0.28164,0.25189536809921265,0.11572,0.23848,230
47,2021-04-01,0.289845,0.2835027873516083,0.14704,0.28164,231
47,2021-05-01,0.298,0.2684595584869385,0.1896,0.289845,232
47,2021-06-01,0.25244,0.29668352007865906,0.21468,0.298,233
47,2021-07-01,0.25664,0.26570308208465576,0.23324,0.25244,234
47,2021-08-01,0.26268,0.2854865789413452,0.25964,0.25664,235
47,2021-09-01,0.24988,0.279285192489624,0.25784,0.26268,236
47,2021-10-01,0.28248,0.24810092151165009,0.25328,0.24988,237
47,2021-11-01,0.29856,0.2604528069496155,0.25892,0.28248,238
47,2021-12-01,0.37536,0.29315996170043945,0.31716,0.29856,239
47,2022-01-01,0.2638,0.26272323727607727,0.25732,0.37536,240
47,2022-02-01,0.25,0.24534407258033752,0.23848,0.2638,241
47,2022-03-01,0.29744,0.27333956956863403,0.28164,0.25,242
47,2022-04-01,0.29296,0.29678115248680115,0.289845,0.29744,243
47,2022-05-01,0.24864,0.2974504828453064,0.298,0.29296,244
47,2022-06-01,0.2466,0.25322225689888,0.25244,0.24864,245
47,2022-07-01,0.21972,0.2737676501274109,0.25664,0.2466,246
47,2022-08-01,0.18648,0.2548954486846924,0.26268,0.21972,247
47,2022-09-01,0.16756,0.1769786775112152,0.24988,0.18648,248
47,2022-10-01,0.18664,0.18254496157169342,0.28248,0.16756,249
47,2022-11-01,0.19328,0.20398399233818054,0.29856,0.18664,250
47,2022-12-01,0.19156,0.23322512209415436,0.37536,0.19328,251
47,2023-01-01,0.17804,0.15063802897930145,0.2638,0.19156,252
47,2023-02-01,0.17832,0.16829238831996918,0.25,0.17804,253
47,2023-03-01,0.22776,0.18431544303894043,0.29744,0.17832,254
47,2023-04-01,0.2034,0.22494205832481384,0.29296,0.22776,255
47,2023-05-01,0.21012,0.18549765646457672,0.24864,0.2034,256
47,2023-06-01,0.24668,0.18649278581142426,0.2466,0.21012,257
47,2023-07-01,0.24244,0.251190185546875,0.21972,0.24668,258
47,2023-08-01,0.24296,0.23991574347019196,0.18648,0.24244,259
47,2023-09-01,0.23876,0.242584690451622,0.16756,0.24296,260
47,2023-10-01,0.23716,0.24223990738391876,0.18664,0.23876,261
47,2023-11-01,0.2594,0.2474365383386612,0.19328,0.23716,262
47,2023-12-01,0.26532,0.3016625642776489,0.19156,0.2594,263
47,2024-01-01,0.19368,0.2550773322582245,0.17804,0.26532,264
47,2024-02-01,0.202,0.20073308050632477,0.17832,0.19368,265
47,2024-03-01,0.21012,0.2142466902732849,0.22776,0.202,266
47,2024-04-01,0.18732,0.22176438570022583,0.2034,0.21012,267
47,2024-05-01,0.22612,0.1868177354335785,0.21012,0.18732,268
47,2024-06-01,0.23464,0.19638006389141083,0.24668,0.22612,269
47,2024-07-01,0.21688,0.24173548817634583,0.24244,0.23464,270
47,2024-08-01,0.21472,0.2148975431919098,0.24296,0.21688,271
47,2024-09-01,0.2298,0.2128281593322754,0.23876,0.21472,272
47,2024-10-01,0.2474,0.21881696581840515,0.23716,0.2298,273
47,2024-11-01,0.25236,0.22551102936267853,0.2594,0.2474,274
47,2024-12-01,0.32612,0.28111010789871216,0.26532,0.25236,275
48,2019-01-01,0.1224,0.1006573885679245,0.06364,0.10188,204
48,2019-02-01,0.0822,0.09849843382835388,0.07324,0.1224,205
48,2019-03-01,0.13332,0.09657635539770126,0.0751,0.0822,206
48,2019-04-01,0.10572,0.08828967809677124,0.108765,0.13332,207
48,2019-05-01,0.07104,0.13509409129619598,0.13482,0.10572,208
48,2019-06-01,0.11488,0.0946941003203392,0.13896,0.07104,209
48,2019-07-01,0.11512,0.14156080782413483,0.08712,0.11488,210
48,2019-08-01,0.111235,0.10347267240285873,0.111,0.11512,211
48,2019-09-01,0.09048,0.13004189729690552,0.139645,0.111235,212
48,2019-10-01,0.08736,0.11176571249961853,0.150144,0.09048,213
48,2019-11-01,0.13004,0.07985210418701172,0.15304,0.08736,214
48,2019-12-01,0.13976,0.11149773001670837,0.10188,0.13004,215
48,2020-01-01,0.121005,0.09999319165945053,0.1224,0.13976,216
48,2020-02-01,0.122435,0.10767558217048645,0.0822,0.121005,217
48,2020-03-01,0.0928,0.09977807104587555,0.13332,0.122435,218
48,2020-04-01,0.10468,0.1086195781826973,0.10572,0.0928,219
48,2020-05-01,0.0992,0.1316004991531372,0.07104,0.10468,220
48,2020-06-01,0.07461,0.12670715153217316,0.11488,0.0992,221
48,2020-07-01,0.10176,0.10348749160766602,0.11512,0.07461,222
48,2020-08-01,0.0792,0.1139056459069252,0.111235,0.10176,223
48,2020-09-01,0.115172,0.1075953021645546,0.09048,0.0792,224
48,2020-10-01,0.097464,0.11387307941913605,0.08736,0.115172,225
48,2020-11-01,0.13664,0.0922386571764946,0.13004,0.097464,226
48,2020-12-01,0.1142,0.08087750524282455,0.13976,0.13664,227
48,2021-01-01,0.11184,0.10399893671274185,0.121005,0.1142,228
48,2021-02-01,0.09587,0.08626676350831985,0.122435,0.11184,229
48,2021-03-01,0.117935,0.11229339241981506,0.0928,0.09587,230
48,2021-04-01,0.122125,0.0953250303864479,0.10468,0.117935,231
48,2021-05-01,0.100065,0.11759057641029358,0.0992,0.122125,232
48,2021-06-01,0.132295,0.1192474290728569,0.07461,0.100065,233
48,2021-07-01,0.117595,0.11633703857660294,0.10176,0.132295,234
48,2021-08-01,0.13688,0.12051144987344742,0.0792,0.117595,235
48,2021-09-01,0.117895,0.11218506842851639,0.115172,0.13688,236
48,2021-10-01,0.113725,0.12657985091209412,0.097464,0.117895,237
48,2021-11-01,0.115375,0.1090359166264534,0.13664,0.113725,238
48,2021-12-01,0.130975,0.11377552896738052,0.1142,0.115375,239
48,2022-01-01,0.118595,0.09776913374662399,0.11184,0.130975,240
48,2022-02-01,0.094075,0.1143248900771141,0.09587,0.118595,241
48,2022-03-01,0.12479,0.11142072826623917,0.117935,0.094075,242
48,2022-04-01,0.116265,0.1079602986574173,0.122125,0.12479,243
48,2022-05-01,0.125505,0.11533907055854797,0.100065,0.116265,244
48,2022-06-01,0.1076,0.11065354943275452,0.132295,0.125505,245
48,2022-07-01,0.104295,0.12013640999794006,0.117595,0.1076,246
48,2022-08-01,0.10725,0.1208188384771347,0.13688,0.104295,247
48,2022-09-01,0.110255,0.10550851374864578,0.117895,0.10725,248
48,2022-10-01,0.1119,0.11902154237031937,0.113725,0.110255,249
48,2022-11-01,0.08707,0.12114907056093216,0.115375,0.1119,250
48,2022-12-01,0.095625,0.10753603279590607,0.130975,0.08707,251
48,2023-01-01,0.120965,0.10148695856332779,0.118595,0.095625,252
48,2023-02-01,0.106345,0.11004140973091125,0.094075,0.120965,253
48,2023-03-01,0.123905,0.10954509675502777,0.12479,0.106345,254
48,2023-04-01,0.13898,0.11025647819042206,0.116265,0.123905,255
48,2023-05-01,0.165445,0.1141502857208252,0.125505,0.13898,256
48,2023-06-01,0.136945,0.14728137850761414,0.1076,0.165445,257
48,2023-07-01,0.148055,0.12203628569841385,0.104295,0.136945,258
48,2023-08-01,0.159052,0.1414516717195511,0.10725,0.148055,259
48,2023-09-01,0.122685,0.141998752951622,0.110255,0.159052,260
48,2023-10-01,0.13482,0.12042991816997528,0.1119,0.122685,261
48,2023-11-01,0.13375,0.12306772917509079,0.08707,0.13482,262
48,2023-12-01,0.128545,0.13436143100261688,0.095625,0.13375,263
48,2024-01-01,0.093065,0.11316369473934174,0.120965,0.128545,264
48,2024-02-01,0.12593,0.109227254986763,0.106345,0.093065,265
48,2024-03-01,0.14872,0.11533138155937195,0.123905,0.12593,266
48,2024-04-01,0.12629,0.14678455889225006,0.13898,0.14872,267
48,2024-05-01,0.14017,0.12856386601924896,0.165445,0.12629,268
48,2024-06-01,0.10277,0.13299833238124847,0.136945,0.14017,269
48,2024-07-01,0.115635,0.11896852403879166,0.148055,0.10277,270
48,2024-08-01,0.127305,0.13093717396259308,0.159052,0.115635,271
48,2024-09-01,0.100335,0.11910178512334824,0.122685,0.127305,272
48,2024-10-01,0.106135,0.11722614616155624,0.13482,0.100335,273
48,2024-11-01,0.109345,0.10219019651412964,0.13375,0.106135,274
48,2024-12-01,0.11587,0.12600058317184448,0.128545,0.109345,275
